path,bytes,sha256
DASHBOARD_VALIDATION.md,3249,abdb94846ca28bab25d63c87f2888fa8d2f53c43ae24ce20ad77fe0dd6137bd1
README.md,1851,2974fa304a9571f7cc7009e25a764d5f743ecf2a1a9dac8164ef1a07e1bacb54
addenda/GROUP_RANK_RELEASE.json,620,c993166169065ad7763373f980ff053ee9f5fc8d83b2131e8143d68a61127891
addenda/LATEST_GROUP_LEVEL_RANKS.csv,375185,4557ac17e88ecbd0cf3538ae996df0048c9382eb120f9f0e223028c27f833b85
addenda/NL_DOMAIN_MEANS_CONDITIONAL.csv,18935,edacce59335d41cb473c1ff8719c118cfaa46139a422fc81c7d11b0bcaab091b
assets/app.js,30613,8de8ed5e0490dbd2a610b1913f1f17a536418315b131eb5ec957b28284f97db2
assets/styles.css,6950,338227acdcf9f3c16340f43268da794ca316bed4907955fb039cbc95965f33d5
audit/BROWSER_STATUS.json,229,fdd077c9f7ed99b47571160ff9025fcf1acdd00bfef8934c18843c2af44b62f4
audit/DATA_VALIDATION_CHECKS.csv,1254,58eb3609e751303f595768e830a64617ffbb013a5b19561e3d9d2fbe693e56d8
audit/HTTP_CHECKS.json,909,25b21df415b974d72b8da80cb1e78e86a5e13913fd1b1de96bccfa0ecf5493c8
audit/LOSS_REGISTER.csv,425,dbf6a05f1e38626cb9771770c6361936dca85b0f87f458eda19d3f6effdc1369
audit/RENDER_CHECKS.json,1713,7fed137d03e7c99e2b4b6fdc301e3201f55e55f4c47e71cf6ca9c535e6e2b933
audit/SOURCE_MANIFEST.csv,5362,46e5e19493cdf25ee96d0283ec4b8ae2b0c8d43e40cc278f10d7578fc3445dab
data/csv/LATEST_GROUP_LEVEL_RANKS.csv,375185,4557ac17e88ecbd0cf3538ae996df0048c9382eb120f9f0e223028c27f833b85
data/csv/NL_DOMAIN_MEANS_CONDITIONAL.csv,18935,edacce59335d41cb473c1ff8719c118cfaa46139a422fc81c7d11b0bcaab091b
data/csv/PIRLS_MAIN12_FIXED_OBSERVATION_VIEWS.csv,762788,1c2e9718ba59679804896580692fa82a5f5a6b1b621d7fb85be20d36b67be30b
data/csv/PIRLS_RC1_ACADEMIC_SORTING_RESULTS.csv,94653,facbb7683d4af5a13c57ab79e1ebecc1bb36f22574d15ef3b93412f7ab5bc5ad
data/csv/PIRLS_RC1_SOCIAL_SORTING_RESULTS.csv,87027,77b3e3f6bc0736fa423f4a45f8d3de8d9d49441af71f5aebae2012652872567f
data/csv/PISA_DEMOGRAPHIC_GROUP_SHARES_SUPPORT.csv,164715,551279e5771ebac9b6dc33876042a2820d2595e5aa1d055903740bec453a8b18
data/csv/PISA_DEMOGRAPHIC_SORTING_THEIL_H.csv,494415,7bec495e5bcee806e7e3f645ea25d2ff1b867475f8712a99c836dea70a5fe590
data/csv/PISA_MODAL_VS_UNRESTRICTED_ACADEMIC_SORTING.csv,37972,cec76b5634bc059867d2657412ad4c95ff64c4d839b69c53e50e55ed71c246ce
data/csv/PISA_MODAL_VS_UNRESTRICTED_SOCIAL_SORTING.csv,37811,8f77f46fbcdd5a6ab47d7e969899611eeedf13b2c52564a55b13146448671556
data/csv/PISA_RC1_SES_AND_ACADEMIC_RESULTS.csv,685879,c72567a1ed5b2ac3160399ac211838ce241cb790dcaae3d69b527f2e3ebcbd61
data/csv/PISA_RC1_SOCIAL_SORTING_RESULTS.csv,150882,fcc6cef2e6a6f7e85108a3d05111b847b93045ade6a33576ee33e2dfb4bab1a1
data/csv/RELEASE_CONDITIONS.csv,2132,9da4c3a7f567bc1a0245b549a5e87114c0125dac8b8bcfa90a803b751171bad6
data/csv/TABLE_CATALOG.csv,14655,57b640c091dfb2a8b108246e163b3c9499e273d9ba057b12383ef5f06a97bc34
data/csv/availability.csv,1862656,1721c466d098d4c2f116f95cfbbb769bb40e4851b6e26e76121f2bf520fec91a
data/csv/caveats.csv,12239,215448bdaa04866f0f04cd03ca6007be8b10f7a7a40d100db4fea81d40f6acd4
data/csv/changes.csv,2807092,833c72f95bca4ccc9a0a7d8f1929671da58340868a47d359c67aad2e0c198e7e
data/csv/comparison_geography_bridges.csv,404,eff01049c6e002df4bc16583db1e76275f0c4fae71479b390cd898b13e0ba5a2
data/csv/comparisons.csv,6588410,80e805b76b0df501f9d2ee997e3fbb79cd684bf0d3a710fec6f1af8d9a58041d
data/csv/countries.csv,8072,9931a6e89c8765f3219e408c883f239b8f4a80089465e45337a988e13afa69e7
data/csv/country_source_codes.csv,96081,6323d3c0df3a8ff2b923a4fe15f24199df339adee26052158fe9c19adf45e3e1
data/csv/cross_age_sorting_panel_views.csv,287896,26754041de77c336fbe2705aeda8a0a4efb95c3e961538788aff3bfc10bd9d7c
data/csv/demographic_cross_age_changes.csv,79473,51bbedf0eeb9f92a43ade9e3e57e05b55cdd61d36d3b0c4c40a60c1520f2d22d
data/csv/demographic_pirls_shares.csv,145266,a5ce49a068003d98ada76d60b38cc1c987fcd68555c740c72f138ad533c02c05
data/csv/demographic_pirls_sorting.csv,456132,c50c157ba71a834e286acc56d88399e19ad21feb205a0c876a80743a6ba54f1d
data/csv/groups.csv,9273,35666e63fa4ab651d8ebd57dc9d260bbf7c32f3b437daa66f303a38b73c3305c
data/csv/indicators.csv,7274,fd4926e7b1427823193ea808095a8a7c0b2fb916c12cfec22a2dbe72816a66bb
data/csv/international_escs_NL_fixed_reference.csv,1417,65b7f9fff48bc94142a1a86417826fc876a7ce906e07849659fdefa927b8c1be
data/csv/international_escs_reading_2025.csv,583844,df02a9ac77f9f45e93908c82ee31f0a892bc401a65ca6dac978da08349d1cfce
data/csv/latest_wave_exact_id_sensitivity.csv,50479,95265569e0ed942aeb96498b842a0288ee6715e74d16425d7834dd447ff271a5
data/csv/latest_wave_identical_ses_gap_rankings.csv,138103,b5efe7d0dff5db3c2c554e936b497ed7237a6f7f6047f8baa6324834a2b71652
data/csv/latest_wave_identical_ses_group_levels.csv,177186,1e1c108500fc5012169e1ef3e829810f17e89759ac0d389f38b47463d5ff08f0
data/csv/methods.csv,6286,ca219ccd32077cbcd4c2d38372be7bdd240a7f3b3ada5fb9c82296dfd27c0f66
data/csv/module_status.csv,2766,c87c045c41c539f34489f3327d8fe5b0b7d4a20c58e5fb758cc636aa185765ac
data/csv/observations.csv,4001409,bc865349a347cae918767b2298c9ff1196e2573f7fb65ba500c219fad038a669
data/csv/oecd_sorting_numerical_benchmark_2025.csv,160847,4acd12b8be63c8826763f27bc4b9941afebb365621f05bf8c94797aff386ae39
data/csv/official_reading_changes_to2025.csv,182839,c7770ddd890612564c22f814ab7575e78f3f5631460e84ccc3eaa24e3b3d0011
data/csv/panel_members.csv,70848,0cdb13c9f4fea4872c705d584053a3cbf24c5f54acda35d6b4fe459bd53d938e
data/csv/panels.csv,10574,a312143dc6a9922a3ed8b03b51f7e4e67ddcbb4e3069dca6b3dc84aaef7d3440
data/csv/representativeness.csv,611792,414bb18152a4f95c9a0c52e9f15fab0224d34df760b7791f72212ff5f0826d78
data/csv/samples.csv,3721,a2fcf2cd87327bb5a079a3d479f829d5587b0061e9def839c691676729806d3c
data/csv/scales.csv,1355,0498f95bafaa5c84513d145236f6d7550596210eb6b41afa09a87f0475eff88d
data/csv/sources.csv,10833,da5e21014b8f7cb3e64c6513468307114dc98171f9c8676a135eafb8cabfdab3
data/csv/thresholds.csv,1155,8cda8f3dfec7a5a61b3f4b0bea2c408896bc08079f4f7b6d4a0f69556e16818a
data/json/countries.json,28033,27a9693e795b21fa141437638a0161f25a8ba61da7cfe744ea1bbefd7a11ffd2
data/json/domain_context.json,32999,28036afe2245b35248596a8540c6fd81c09dc6f32fe15a1542cf87bbaf31f9fb
data/json/figures.json,3281,24b14dbbf3d1311fcf2c21926cea9360a9fa70c0b288d424d02e6c0cca72aad7
data/json/international.json,1017970,b75d6cded2150d88a77e76ab0d1637d9ff9caee536005fa3f22d2792ce52719c
data/json/metadata.json,64991,de0f47246bcc3512607d1183fb0b528c2cb06607b7d2e03709b0d2bd95730091
data/json/nl_international_reference.json,2034,7e212082df11b36f04720f5b3e1494b49a7d05d2ec7810190769adcbe776a1fe
data/json/profiles/iso3_ALB.json,234998,0e387634cec875096ca880a5ee20194fe1cfdee37a16b922af95c0018f3b162e
data/json/profiles/iso3_ARE.json,403884,63e6f16251f754005c0eb017521cb993b4144cf9acaa0f153cb4bb0044c40f13
data/json/profiles/iso3_ARG.json,222593,1b4edfcaa07f3937461963ce971e4cbb4ccc03af53104ea86496cbe337163f36
data/json/profiles/iso3_ARM.json,42423,cb9bbb307aa74d17d8b27e241efdd446f94824c3fd3782dbcd4f728fa5b84971
data/json/profiles/iso3_AUS.json,434214,655dd5c4920be2ee3ef1708b1e201f3d396e4418cad45ba119d6be24a3fd2904
data/json/profiles/iso3_AUT.json,504702,88b7bb9ded5900b836af31dacf28bc918e85a2459090c84ab9f4f482feaaa1b5
data/json/profiles/iso3_AZE.json,317329,9ddd8a5f53f75be5a23aaf78612e76e852081416510dc07661abd1fb745bd87f
data/json/profiles/iso3_BEL.json,181125,d07b12f5ba21042bdd883d990de26b9b747cae5619a9bca1a7653eadc87ea142
data/json/profiles/iso3_BGR.json,687395,f610b77c972f1cd8246ae2819419ae3ef9b1d4ae210cd88eedce4265ae33e2da
data/json/profiles/iso3_BHR.json,144559,2ec5743259ce186641f1df10c0c31bf53a0e899e3d1fe2a616320acdb09b1831
data/json/profiles/iso3_BIH.json,9509,01166992cfcfe56acc700cca5ee1eaf9f77783cfd86f19238079a4fb764122e3
data/json/profiles/iso3_BLR.json,9612,f0159d3992ef5eb640b250bf9b257d0919e2d5859abd1afd7e88aa0fa16ec49a
data/json/profiles/iso3_BLZ.json,77996,72b94b72141f0ad89659e3dbc19bf5aca37a478e57f7687f2521eb829bf319c1
data/json/profiles/iso3_BRA.json,289891,0fedb9880235749017452de08aac33dff89bc6e5b095db2b9dd602f8716319bf
data/json/profiles/iso3_BRN.json,96091,e8b59e36127a8e9cea6c2486997e3015dda1283419474931befcf7fbb4b85f11
data/json/profiles/iso3_CAN.json,419250,888a7b730701673f163b137e398f1bea0e9edc3f9c5c8001cf1031cd628ea8e6
data/json/profiles/iso3_CHE.json,183795,ef9bb4aa32b6ef1ba278969de2e122e6cec661d4cd729ce8c2988c7112c161dc
data/json/profiles/iso3_CHL.json,245815,ab453d9ffce2fe07ab43a307c4886130c8399f3042f6a7fb6b3b8f4b746605d8
data/json/profiles/iso3_COL.json,329454,c8a9b8a6146c43af9ee42762bddefe799774d34c1ac77797f86c1709c8b51e1f
data/json/profiles/iso3_CRI.json,135643,4ed670e285a0d3b88e6e4cb872d897b13eb95cf28db1569c2d6fb0e42235a77c
data/json/profiles/iso3_CYP.json,261283,2c28f103f6ee8e0e238785d526d200f7c921fef62fd5bfaebfa36a60fbee9b7c
data/json/profiles/iso3_CZE.json,515138,4dfc0ff49a377d35e694599b1ddcff27582c5a5b0c3628a344e8e1840dc2780b
data/json/profiles/iso3_DEU.json,694533,303e95a8ffac0f888f5a17e76012ab364af52b5c69cd9584604f73e3fa440c82
data/json/profiles/iso3_DNK.json,524455,d98ccd0d53ad411a859f444143c1ee5d2aa955986e0ec7a65e0dabddc255c7d4
data/json/profiles/iso3_DOM.json,123247,818f1287592959ca6b478d576b2966eb45eefd6c58ea0c0a18042e6500dc7c4a
data/json/profiles/iso3_DZA.json,8909,e3f2df7867ca036a3e41864555a28355281647d4c69d244699852cdff547b6d3
data/json/profiles/iso3_ECU.json,62868,0973ecb46f479ff990b7f7883156f0ecdc3320b91a302fd19276cbd0f4f1394d
data/json/profiles/iso3_EGY.json,74801,3811856c12ee06f556cc9c8d6bcfe37933c5a4467e474342ec4ce841fe3d8711
data/json/profiles/iso3_ESP.json,497144,338578b86b986650b7db0e8846c3ba19f55bca65e0e0a33bd09dc062f99b308d
data/json/profiles/iso3_EST.json,170744,7d6e2d29cfcc57553f10ded9c5cda8d72d4343269468f180fc5f1328f75d03f9
data/json/profiles/iso3_FIN.json,430888,bd52938e50a3b655b1cb08a97372b4c7a400d5ae72d96a54214465becbaf72f1
data/json/profiles/iso3_FRA.json,706915,09ea449a661f5bae8af3a662590488c6b4d593ac007cfd3cf0f4715e408befd9
data/json/profiles/iso3_GBR.json,170163,eda34ca786dd991ab5997961224ad7c796292081883c9d6eac96da761b30d60d
data/json/profiles/iso3_GEO.json,468293,f939ccb710b6109fee0c8f2c88c40be07ba27771367719a2d2ff3362c141e8d8
data/json/profiles/iso3_GRC.json,260548,614b5daee5997864d85747bf8040ab33c0f23e9c648fac8c07eacf94b51f22ae
data/json/profiles/iso3_GTM.json,91091,7d5d7edf1b157b05d80854f0f85172478010a62f37b90469ed7017fb7e03d374
data/json/profiles/iso3_HRV.json,354893,88292cb45bc16c9a9d3605ecbf2708dd1b4b4d7fd10b5d4b64a687c4368ba959
data/json/profiles/iso3_HUN.json,594980,6c9d1a031fd983456bd7f830ca2877f337bcb85bb865d0b21a9bed9049360972
data/json/profiles/iso3_IDN.json,340644,0efd7c2645b4a021ddfcd7c37c3c2a1c4003ec1fff9591c3b6d393b07b084fb7
data/json/profiles/iso3_IRL.json,433886,fa1bc10ecfa897c91b186d3cad8680b266cc92ce7c1ba06238b7e4361d41d285
data/json/profiles/iso3_IRN.json,364247,01563d50cc440a5b4c76ab5066adc133483e4cd8f38b9c6961620e85af4616a5
data/json/profiles/iso3_ISL.json,341518,1fd59f8cbca98147e91e56d06b656ec5db68db84bb440d52d350773ca0856e3b
data/json/profiles/iso3_ISR.json,596340,d1e5652ad782862f81b9fbb44bb8765794454aedb9a96a7e48d7eecec3f9a178
data/json/profiles/iso3_ITA.json,705182,c99092dc09f2e3293f6c360a9f3c72509002aaf4e80567bf5959967eed67f520
data/json/profiles/iso3_JAM.json,9519,abf4dd1d67585672949da2ee12acb401e1e5cc9c91467df89763caf28250ef28
data/json/profiles/iso3_JOR.json,199993,bcddb2e5e62ac0bf9900e92c23794b9f77d0bcce3b75333a1c30514dd24e7878
data/json/profiles/iso3_JPN.json,180272,3e5d16ca49ecdf9871fb0f848d2c80fd6600ba23a202215b5a57aebc512c0693
data/json/profiles/iso3_KAZ.json,301750,35df2cc53bb052ffe5c3e27a24685bafb9f4b01a1e3c3f21eff24668717acdee
data/json/profiles/iso3_KEN.json,42197,575376542fbd1da2aba10dbe401dce29fb5e17d3bab2e60e36f58b6bd3e4df4a
data/json/profiles/iso3_KGZ.json,71854,c08b27d4021ed7fcee5795ff9861f2df7e03f39eb064da2c4d9b06f1251f27ff
data/json/profiles/iso3_KHM.json,90060,3f42d2f2dd30a5891d2960bde71b93ff1aa06759dff2d32c470313df889228a4
data/json/profiles/iso3_KOR.json,182518,70f8dc668e1908a651941414e2a0357c6085c226162eb8c90bd589441eb94be3
data/json/profiles/iso3_KSV.json,36330,7aef21a55eaf201e5f88dd59afb9ac787830e79a2f9682fa4a210c834c1aa8c7
data/json/profiles/iso3_KWT.json,155431,0227b1489a4db126ad4b560178854af2f800fd0a29643e327b1b3682441263d3
data/json/profiles/iso3_LBN.json,95834,45947746ac9021d10bd2c48fbba3f1be08ca7bd47bee6e652f922824629ce9e7
data/json/profiles/iso3_LIE.json,14334,7d252ad6ea1dca3b3a6f8b8dc9beed5558936ce872a743994d850832573f6359
data/json/profiles/iso3_LTU.json,589141,de8fed82933391f45c63866100e43c24e59add3fd000d31df9a10e9a15cf8780
data/json/profiles/iso3_LUX.json,235141,911bb59a87636bca4f00ce171929aeff630871de470a9f7d220765d2d5ca999f
data/json/profiles/iso3_LVA.json,514232,0451cc7276f0a8523eb42e1d517546d5b9929c964bfd260b0d2dc1aae92dde97
data/json/profiles/iso3_MAR.json,500929,1e2a920823269f830de8ed9c7edf0c11cbe4a77838ed3ae99b94a7601383ef31
data/json/profiles/iso3_MDA.json,290320,01e0eb5b5e2221006c367a3711fa34309c804d29fc74031aa7ced71f8b461161
data/json/profiles/iso3_MEX.json,181649,32e9148a04f367d8559c413e280f14f7d48ea8c3298fa6ab9aa4d9e526d6a515
data/json/profiles/iso3_MKD.json,375663,b6c88f97a95ca2ab74e318775ef3e345f0a28cd52967e34d88f9aeebfdbcf5bc
data/json/profiles/iso3_MLT.json,385673,2066ab3a33f366180f6c9fbeb4f20615ea688b990a2e2b56c23a4eb96e0e2a98
data/json/profiles/iso3_MNE.json,272883,c854602cdc720adbb84ea6c58f1a47a5909fb790ce1af50ff3e66d261befb5d1
data/json/profiles/iso3_MNG.json,69280,749d50a4ec38592ce506f51ae0991724535974d3d5d0596cb46855951cc26a97
data/json/profiles/iso3_MUS.json,54174,d4ec1a432a9c2c4834432c592c31ff9250b3fae8f29087bb76dde856390717bb
data/json/profiles/iso3_MYS.json,125896,9ef519950160ba0856348da75913df29f2b3c4f09112968d1be1523455039777
data/json/profiles/iso3_NLD.json,708412,5d1b5c2c88965bda1faa95a01174bccad5f430481548d5ef70d08fc952104e56
data/json/profiles/iso3_NOR.json,616696,a98af2333162eb760e092517f6552e549ae14c2a438ecf066656c8e00b8743d6
data/json/profiles/iso3_NZL.json,700748,b3529688f59245b81ba65fdc1df6b2ba01fb85efec2b8dfde9d3e6fd7e5ae5e1
data/json/profiles/iso3_OMN.json,214527,538a903736b32e316affb606f439df66e1115f85769cf596772daef3a2eafefd
data/json/profiles/iso3_PAN.json,18342,643241b3de925ea93b61922a3c52284f8acdd45f5f8f80d865c646581c0ebe03
data/json/profiles/iso3_PER.json,152386,d405a3090bf6a90111001a2920c1a097119e2ea44d15ba60e2f6bea309d153df
data/json/profiles/iso3_PHL.json,96478,873c356eb40bb483c52f3663d29ba6edc207224f5436608ac98d223399ead5b8
data/json/profiles/iso3_POL.json,514077,2699ff09541b912a95f4aafaac1f07b926288b9a6c704f37b66e101e6c2caeac
data/json/profiles/iso3_PRT.json,437731,9037ef572f013974afc3bebbd83cc3025a00eb7acdf5c76bacd4cf98aaeb373a
data/json/profiles/iso3_PRY.json,91162,6b421462d4c5a73680457d5f07667f45abce1c046da25316559f52722b61c616
data/json/profiles/iso3_QAT.json,503681,a814a3a969d4a34b4ea4b86f2548e02ce1a250566ed50b8fc6c6cd6f488ed278
data/json/profiles/iso3_ROU.json,409482,ee730773501cc425c73102e45d6d7a0291beb548792a013936da36a683e8b47e
data/json/profiles/iso3_RUS.json,524170,729be63a7b2992f205c83949a8c7c25861b34a896ebf3e95b4216924238fefa8
data/json/profiles/iso3_RWA.json,42201,66af06649b51ca624ae4e24bdc393747570906303f2d95f0c9bf9e5a3e3f3043
data/json/profiles/iso3_SAU.json,349954,6a8043f298c0ae979d380f2d4b1115a31a8c249a17ccf93f6e50d2e5412504b5
data/json/profiles/iso3_SGP.json,671113,a9f6adf1ceb97c30b0eeadd819c13705d01a724016ae4c417b18ff0cfe75b732
data/json/profiles/iso3_SLV.json,68592,4b1dc676683ec5ed78ff989976471b28f3d05cd03e15ec6e2dd9d144eceb3074
data/json/profiles/iso3_SRB.json,246216,76911fcf6364fd857d8de6fa98a0bfebc3505e8920a98bbe423c1c21234d2e53
data/json/profiles/iso3_SVK.json,697711,44a13063afaa1dca75b8ab099d908e95eb9d3a0d0960733d4749fa26658040dc
data/json/profiles/iso3_SVN.json,676198,391cce047cab1edbbd87fb7fd68417909539d8c7b5c0ceb9524deca49928198e
data/json/profiles/iso3_SWE.json,705226,27f277f6644703b15cb4c01b7488b35d8eb0fb8dd15d2fd0562e6eeadfe52805
data/json/profiles/iso3_THA.json,181774,bdcda96a8f8be1b34e294c34ac875de592a683f6fb65067ad8b23b71f692227a
data/json/profiles/iso3_TTO.json,237515,cb05f9d023cc70c2c970cda57def6f856f69a5c62b9607e97de57be900ca101f
data/json/profiles/iso3_TUN.json,22736,d3702c493f72ea92f83cd18f4c7612a07299928162139bdd5e7941d5bab45950
data/json/profiles/iso3_TUR.json,363556,3598a5f53a1e051912051903bfdf85bb6e4c2bb19dec1bb8c82a4877453b8a39
data/json/profiles/iso3_TWN.json,497774,19dd4d63af752a97ab4104e31b7bf05da6da3697b161b15cbb42734356779049
data/json/profiles/iso3_UKR.json,9492,8a3c07ccb04e874ffdc55436aec8daa27ebf4d10e7fb7135dd9ca9f5b2d2d3ab
data/json/profiles/iso3_URY.json,181750,ca5d3d298a7e4694bdcd13533445de4be191eb944b618b8cc0b666ef7743b78e
data/json/profiles/iso3_USA.json,591635,e713f5ce2faa8ad377a00f86a45fcfb7e6ac4961594bbab2ea4ef9f09a3c8098
data/json/profiles/iso3_UZB.json,124185,c9a6b3b7b7ffbf48302e7cc97e00e9bb1c6ad967e0b06d35ea63b7a5eb550e95
data/json/profiles/iso3_VNM.json,75912,5f6aa781cb1410106b5490a4777c6b08a143ec6eb2e3049cf7463ec4394b25fb
data/json/profiles/iso3_ZAF.json,226341,605099b35259fbfc48a9494886cc674c7d3b4fa3a1b4e9486a8d83ec049cf5fb
data/json/profiles/iso3_ZMB.json,63908,147e7b19d4aa53e614484af49d4db8a46ca906ba061ff3cba7947562744b82aa
data/json/profiles/system_ABU.json,217169,d658afe1762e71fe419b7b2d564d78318cc024e2cc64fce7befc11c44a540450
data/json/profiles/system_ARG_BUENOS_AIRES.json,84062,3ef543395111a7ff9f0d45952056a616f289b43a58446f80427e2220df317ff3
data/json/profiles/system_AZE_BAKU.json,17414,ff28f0dfb960085b6d9fd86964729613307b1b2e4466964ce4d14eafa154ff1a
data/json/profiles/system_BFL.json,221001,38df3c119fefd33dc90b6373471b90b8811e2b4f8f26474584c166e1dd234cc3
data/json/profiles/system_BFR.json,299651,04df7b52214a36fe2a78bc86662b86a7d7e84b66aaa1537d4331f6e70167c4c3
data/json/profiles/system_BSJG.json,9119,12de94253c1147f72a3785ebe801d3c3dcf13be4e0c175f31931bcbfe45416f8
data/json/profiles/system_BSJZ.json,69977,1ed133906e466227892a4f14ffe8658babc97de5d45479dfcb332bf6ae99c7c1
data/json/profiles/system_CAN_ALBERTA.json,232433,f9bf6c035037859e148935584e31f7d4901ae98839557809b21213056b1d44d2
data/json/profiles/system_CAN_BRITISH_COLUMBIA.json,155833,780a8e40632928b21f4bda92e385a455adc0d9de50542f0e56fedd213f8866bb
data/json/profiles/system_CAN_NEWFOUNDLAND_LABRADOR.json,76925,192addc185bdfb527934e9b30a4e1ad53c4bebc934938b0734e89125773f79d7
data/json/profiles/system_CAN_NOVA_SCOTIA.json,79283,8d0bd27c0918b10f18140b4d179e97b69aff06512301f5554c94256989a4de8d
data/json/profiles/system_CHN_SHANGHAI.json,7630,86ea2584fe0b1d66a4a05ab0267f090ff944bb554e2eaae055027a58336a584d
data/json/profiles/system_CQU.json,372181,f427b6e430960a727ccc48afcc2bf21b42f1db79ed175a78712ce0eafef17c5c
data/json/profiles/system_DUB.json,223627,390f81dbf95d4ced4b617f6fe6f7eecdd1b7c60b0b405d7c82feab8ae274aa20
data/json/profiles/system_DUSHANBE_TJK.json,42950,1a1a87bd09b64f120662db9400cb4db33f0f8c5568ca65c3ec8c5aa7802b1bd1
data/json/profiles/system_ENG.json,371367,088a02c2673da0cae133bcf16b0f1b35244265df257e62a9c86e60b109254d28
data/json/profiles/system_ESP_ANDALUSIA.json,151043,0093e60f469512dedbf013459f3c2187f8c61d2584a2b5fae1602d7f89487118
data/json/profiles/system_ESP_MADRID.json,74900,f8ed40ed832d6c1542382355acf7595685d859cec17d524065565ac4489eb3ff
data/json/profiles/system_ESP_REGIONS.json,9018,29a4c2b48c6c3368463dc6a02c0f49fbbabc4c7f8be17426fc0b996c8aa1753d
data/json/profiles/system_GBR_SCOTLAND.json,157361,68ed1d6aa4ec673224a77ed698baad34c40aa9732d85ed7158643a761174a413
data/json/profiles/system_HKG.json,712369,2a4764c8fa52237334fabbc36408bd58145bc395fac899f58f9ea1a9a5d3a379
data/json/profiles/system_KRI_IRQ.json,42651,ad8fdc4b1cf7b4b147851c743784d62300d5f7188abeb7f47f3e9dfff94c1eb6
data/json/profiles/system_MAC.json,349483,098afbdf4eb6d812adf1b4c84a335c83456024a879321b9254833dba9404cb96
data/json/profiles/system_NIR.json,222221,59f8395d5e9146108c2b9124f1c40a3ea93f4723f3972e9e66b23d24ca72790e
data/json/profiles/system_ONT.json,305031,9688e0bc836503fcad9001706daf056cf926d5606842e422e7145abbdb749b9f
data/json/profiles/system_PAL.json,69582,f0557221bbc055c4fe2cbe921b3cbe047662cbd94db8a107e0482b9bcda30000
data/json/profiles/system_RUS_MOSCOW.json,152487,8e9bee46424383c7f0844e2c66c3f5027167f8696ca2dd64190e984b510a0817
data/json/profiles/system_RUS_PERM.json,7524,1935190664f6db24c8a044d6278b9e798026fd7c44234eea89da7813abc5201b
data/json/profiles/system_RUS_TATARSTAN.json,9157,b8425f750118679720fc8bf5500d8cc48952850d87d8f70c80240e6ba6e1db65
data/json/profiles/system_UKR17.json,63823,26d13b87459ee98a74782e778c9db53895955b22dd743168af71f5f4c4e4ab28
data/json/profiles/system_UKR18.json,9655,51c9e2cfe9eabe23f3162522dbaaecc1898a25fd7ee72b2acad1a41a48f1afd9
data/json/profiles/system_USA_MASSACHUSETTS.json,6968,d0fc1dc107de8eaf6a8364d5a5aa7310bbe9747a13e4aca062b2ab586d65183d
data/json/profiles/system_USA_NORTH_CAROLINA.json,6975,8c65a22d5bcd4c5f2d6a0e7da30d1ef9a75593504061812fb6e3d27a8a6cbed2
data/json/profiles/system_USA_PUERTO_RICO.json,6924,44b8e57b487c404811dbf9f1752e1b58784f720b430cf1636b4d3e9c015a42c6
data/json/profiles/system_XKX.json,238321,88395f737bdeb6c6d494f0592f740459037a1ea8fde04c4c4dc01d48e80e9633
data/json/release.json,794,ef64563fe2cb658e23dada5c3c453c772f275c8554e85a9393c0bc7bf2ff5872
docs/DATA_CONTRACT.md,1275,d30743897b389345b64786c639b1d9271337a43a6919cd4bad16c2650070074d
docs/DEPLOYMENT_README.md,211,36533a091cbd93342181b827ba86c2c24483e090e176d5c2df35b7d52ed377c7
docs/PUBLICATION_STATUS.md,1317,9b6580c55e5c644961c77c99b8e043f4a5d824ee5ef1e2fd16e9c5aa40867f1a
docs/SCIENTIFIC_BOUNDARIES.md,3541,82cbc19bfd5513b4ec87dff91bf27089f1ca0c4ed9e929c26eb5093a7797a8b9
downloads.html,23107,79cda570ad21067718ea08deaee9904c6ba8b27ca44c779fa6124f508222ba7b
figures/BUILD_COMPLETE.json,237,f5b350fdab2efb7e2c8207d81d6b939f3b4965b50d4999cef1392b020ada48c8
figures/FIGURE_MANIFEST.csv,11147,9d89a7d620f03c5337e15d1db58220be50ba222145a9d771cbf043a03257f71b
figures/metadata/F01_mean_trends.json,1044,b07fcf4909b1b6641a611cd041de93ef52e4a0ce7805ca30795791b1f390225d
figures/metadata/F02_rank_trends.json,971,67d237fbc7bf170553a84a86eecfb5c428bc468e98fec9a2cbef01a4bf093bc5
figures/metadata/F03_baseline_trends.json,1062,d9b0c47dd1d58ca33867410cc349e5998d1d50805a51f4140cef5908489c1fb1
figures/metadata/F04_lower_tail.json,963,8b557cc259afefefb67a1eeec4bb778705c773c6ca289b192c04db4396a0b1d1
figures/metadata/F05_SES_level_trends.json,1105,71b1db8866cc3115c690c395f3d789a83716ddb6eeada1c49772e42493bc18f1
figures/metadata/F06_SES_gap_trends.json,1107,3622b2797433ce1c9451697cf1712303f25979f45ad95d759ed4bdd074d8b9b0
figures/metadata/F07_latest_score_gaps_N45.json,1138,98a291cda2d606e5b93119f95fd412b9e53acf7f8be047ea54d0f68f5238f4f9
figures/metadata/F08_latest_proficiency_gaps_N45.json,1165,70c03f2969377f2c172652d960e13f0e636113dda69092690dceefd557589303
figures/metadata/F09_latest_group_levels.json,1035,3d837d1f2a910e8c0dd0fb5fbfca2f8d6715befd2b264c8a8f1478f90015e952
figures/metadata/F10_panel_sensitivity_N45_N43.json,1091,65cf2958ecf7227222bcb4b2afd26c9ca143263c2fcae2bf5191ea88e52087b1
figures/metadata/F11_absolute_ESCS_fixed31.json,1169,7b534bb024a641117baedc867d5485fe349a0bb3751f086e34f5b0d67ce231d7
figures/metadata/F12_national_international_ESCS.json,1084,7068c0fedf2de56c46ac41f3f2a49db4e9f11156dbdee94954a13ba6ca864af3
figures/metadata/F13_academic_sorting_pairs.json,1130,21d120e9f99106c311c867ea1e47e927ccb8238e15ed3a425c8ab855639954b3
figures/metadata/F14_social_sorting_pairs.json,1191,8ee3ae538c763300cb1e885a50004c2be7e703a4a5dc06d85366ba1d169269a5
figures/metadata/F15_sorting_current_international.json,1162,c3b97667aad72d0ecbae3acf7b7808a5e0fee3fc38a96452e9e21125a062c45e
figures/metadata/F16_modal_ISCED_sensitivity.json,1323,58feeb5051712632dc165b88c1192a80978a6f8ef0b385fd30798bf1bce88453
figures/metadata/F17_sorting_external_comparator.json,1079,77ddf364613d0ec10e7b16f6630ed6928600ff75be338357465a8dc2d486a25f
figures/metadata/F18_demographic_diagnostics.json,1080,a7a0b758260082535001b7cfe9cc1db9f6408b6bdc567fdc98312af375919deb
figures/metadata/F19_PIRLS_MAIN12_sensitivity.json,1174,dbbf4027397f377733c6d3fc031deaef07ce6ea65cdc2836f1f6311a0f7e4cce
figures/metadata/F20_representativeness.json,1049,0cecee72c32e4ade5a0f13993d6f1d1d793b777fd9534d1d47ccb3b052e1353f
figures/metadata/F21_SES_rank_trends.json,1117,b1752114cdc0b30a3bf2a90b76e73fbe94dc552005cc8454592ba226e6a015a2
figures/metadata/F22_international_ESCS_deciles.json,1082,e7119e23bfd47d72aba6e059d556e1fc1c72cb25da677f38a30265eeac872bc5
figures/metadata/F23_fixed_panel_sorting.json,1075,912808f9ec2415e55a91904a6ab8843ed3a2faf01f4ea7d0f07b00ba19a76daf
figures/metadata/F24_latest_group_proficiency.json,1040,eff4097eb2cce5c4c4ab922b59c960f5ecc9b0f7c1327574a2bd733355facbf4
figures/metadata/F25_distribution_percentiles.json,1011,901e6f3c587176b87f3c6d83fc7cd0c9f84af652c570667c130c618ca0954859
figures/metadata/F26_score_spread.json,973,dc97fd63696c5a250398b561a19941e92b08dd6ea1d827fd738dfd05d132d08f
figures/metadata/F27_latest_group_score_ranks.json,1221,5cc6c0709a38e45d21170c2cdf2198e2650ef1af3880dc58cc4fe0cc4bc4753b
figures/metadata/F28_latest_group_proficiency_ranks.json,1252,e6404820d012e763120d8fcfe63e8d4a1ecff16c5538e0fc9dc8a321bfe391a5
figures/metadata/F29_SES_mean_rank_trends.json,1234,c271625050458ee92374d895a2c9b3b8d31ece51f810bf7dd703b356b24f76dd
figures/metadata/F30_limited_domain_context.json,1419,32536aec8c11a1697c60665a2e09ffd243b79122c33cae48b0c95571d23a34bc
figures/pdf/F01_mean_trends.pdf,785063,125f410affeafb7f1dd90038a3e12124b2eff76e1574efd9450493c52aa5f53b
figures/pdf/F02_rank_trends.pdf,383226,61f2437e93ba83ecc1af0ff8853daf364455e26a157d21d42668f1f556ed5294
figures/pdf/F03_baseline_trends.pdf,438553,ecd0a76a4000106f89e0c012869bab0d0dcf164b0f2332b84c8143dd0345e670
figures/pdf/F04_lower_tail.pdf,437828,981327788cbb828212fdc7b7b9013a3600e2daf23c6b56b7577bffb41b473a9d
figures/pdf/F05_SES_level_trends.pdf,724118,0b88aa77aad127f755c50b50a3070d7e199556008a89967920a50ece775230ef
figures/pdf/F06_SES_gap_trends.pdf,717968,b09b90ab7eba8a58eb2939b25a16b1aeacef0c5b892408f53241477f11650f8f
figures/pdf/F07_latest_score_gaps_N45.pdf,115168,49c8260cc4f9eed134928e0961f621505e7700ce72a187c5c4628cf4b4d79a6d
figures/pdf/F08_latest_proficiency_gaps_N45.pdf,115360,cd9fb93b379491476bda8a4f59f7778802d44fd61ea88c920fef1432c6bc80b3
figures/pdf/F09_latest_group_levels.pdf,55617,7aed9d94bf502fbc481f4fe516c4460a6d997704b9cba95801aa72c31c06b6cf
figures/pdf/F10_panel_sensitivity_N45_N43.pdf,51855,d9bb560705a960ceb495c301bfabef7461eb79e480100fd4efe2a02dffebe71f
figures/pdf/F11_absolute_ESCS_fixed31.pdf,36536,9065080e543d06cd4cc722b6aa5658c84a55925f6e6e6bac2e1816e92d1d5c27
figures/pdf/F12_national_international_ESCS.pdf,108581,9d37a4776f36830c97a4706e2fda4a39a1484dcd7af1d39e5e46fd7db086f87a
figures/pdf/F13_academic_sorting_pairs.pdf,82092,011d7e575ea98638b6d21c9d1f8d4d362a89a7955705caccfcb5f54d85c3e027
figures/pdf/F14_social_sorting_pairs.pdf,81971,8a6ada26eb933d46980ee55cc3ac32dacbd98ae4a5dde82352c5e348b36e3847
figures/pdf/F15_sorting_current_international.pdf,129759,4e071eec4fceeea11b5e4305feb876e29627b11a606a577bc65172cec3382d40
figures/pdf/F16_modal_ISCED_sensitivity.pdf,452994,23cfaf3f5b0eb1aa780e51b1872b4bc0569cd8f9b93d8d71cc5e78f032a757e3
figures/pdf/F17_sorting_external_comparator.pdf,57847,b9be9d2baf0b61c205cd25a65e56530d42d05be60afae6bc386081f926affd49
figures/pdf/F18_demographic_diagnostics.pdf,54536,04833c42fe38912faa8f33669e44224b4b83d2010c0cf3c7d2392fdb1f7e3b72
figures/pdf/F19_PIRLS_MAIN12_sensitivity.pdf,463327,ef55f448d68c5b511ab90135eae4d5257df2fbbc5787a68054f24b6f76dcb61a
figures/pdf/F20_representativeness.pdf,86499,fda7a34290ad4f98ee1a8497029ebdd21e68901f1566071ebeb78e63ffc73e0a
figures/pdf/F21_SES_rank_trends.pdf,385858,7f45c56eb1d4c18691cee932f8267b6550a591830e7a2cef53da3a527a6060b0
figures/pdf/F22_international_ESCS_deciles.pdf,99355,73b36a0ec0b94da5846abdbfca27da39a10c6e01b1c2b39969c20611c7cf7bab
figures/pdf/F23_fixed_panel_sorting.pdf,82458,0cb6dc9ce8f786c8ea70d1f0a894dea4e11e632ca9e4448b2c15bf871050d227
figures/pdf/F24_latest_group_proficiency.pdf,55590,b3beb9353185f8d8ec1a92f31d156b9d237fbb82255d369333431838137e928f
figures/pdf/F25_distribution_percentiles.pdf,449950,402718d4ae7e426ea5f96ab309450d8eac8bcfe57d6c82ba490d652319937960
figures/pdf/F26_score_spread.pdf,436509,260c60484dce9b8f24a7e76d8bf8871dec5c2f9d55d98a5b366b73bab51fccea
figures/pdf/F27_latest_group_score_ranks.pdf,62193,ab595fff3ba075a72f5f59e3b55ac54fe07f10adf25ce237f3206f6089081fa7
figures/pdf/F28_latest_group_proficiency_ranks.pdf,62373,ec32257c171fc21b5c2891af2126f5dd1420c61066a889397e12a25d7f078fad
figures/pdf/F29_SES_mean_rank_trends.pdf,412544,34e2360c8eca7739a45cf7c8365ef626c56d76c31c7dd4471defaec7e4bbac48
figures/pdf/F30_limited_domain_context.pdf,61815,5a00e918e08aea93434f322d61fe7063fdd2382e063e8ad8b1fd690d944705dc
figures/plotting_data/F01_mean_trends.csv,5390,5f042b42f7b012044976cd062c8d2edb8d881b7727845b61d4a809289533e691
figures/plotting_data/F02_rank_trends.csv,5128,5d28a5a6fba6f567dde55d47e74acd8c4028f465d80426288212b025627690cd
figures/plotting_data/F03_baseline_trends.csv,5298,6aca2a2974472a356dcf6fda62bbf1bffade24c1124c66b0545f69568f486889
figures/plotting_data/F04_lower_tail.csv,4984,590a57f54b19bc6441ca7c6f270665cad70968f2d5b21ae3552171e4759e3e58
figures/plotting_data/F05_SES_level_trends.csv,6943,6c13c71e11f9cfb8c5d0435df5a81a340e6a2417c3e323672710b4bc5167f82e
figures/plotting_data/F06_SES_gap_trends.csv,3701,0f9d4c12a1d1a90cef0ebbb40d6e6b2322f10567b1edb85185e08a0b64c71dee
figures/plotting_data/F07_latest_score_gaps_N45.csv,35653,ba1e52d03f15626f3f3f20175c227a164e98ee44423acb372a0211d220606c82
figures/plotting_data/F08_latest_proficiency_gaps_N45.csv,35949,1eefd3e3384f726b972893a7d3cee1d47070ac370a35c7f4798047835d2c77a1
figures/plotting_data/F09_latest_group_levels.csv,1295,abe16d6d8e4a03d45f1d379632991eeb56823cf2a56dcbb5f204873ac5fee431
figures/plotting_data/F10_panel_sensitivity_N45_N43.csv,3685,fc76fbe8866223c1b50397650bd8087641f04b3ed2cb460c8507c5c265080779
figures/plotting_data/F11_absolute_ESCS_fixed31.csv,1379,eea5b09a150bcad32c28b837a50e16e8d54064d7f0542483c6ac7f77528e7cf2
figures/plotting_data/F12_national_international_ESCS.csv,1469,1c1e31428568c7610b45d581a342466b98a140ea42a261a347caf0de0a177a34
figures/plotting_data/F13_academic_sorting_pairs.csv,2592,ebc35344b782aa3f05fe16c96bee4916d234a5c0f0a81112c60dad967219b6b4
figures/plotting_data/F14_social_sorting_pairs.csv,2608,6c9d18a814485a8e71b46e688b12ac1ec6d7efc3644b0ee10bdea19ce81626ca
figures/plotting_data/F15_sorting_current_international.csv,42572,f48f64e00586f96b34af132bafdce6f6c7090eac36152ecb9028a57eb8136f21
figures/plotting_data/F16_modal_ISCED_sensitivity.csv,2061,21d560f158473792f3016f49f81029f5be8746979d7346436a5f8c8e10d9d29c
figures/plotting_data/F17_sorting_external_comparator.csv,2031,8fd34aa4be35e0ee98538c40bb38ea2ff7d812e4b6e10a45c6944e90b6b43a1d
figures/plotting_data/F18_demographic_diagnostics.csv,2539,7c0bde4b4b13edc8034b4f193055284280c852fbb4199f4fde2a9aa44a1333f9
figures/plotting_data/F19_PIRLS_MAIN12_sensitivity.csv,2980,8c0016f54c4b5e4beb0be3ee4a4b3eebbb36c50e7893c4e7394b14477a8dc20b
figures/plotting_data/F20_representativeness.csv,3553,2f3acae04a1ed2d47a8de4afec4cd08efa49eb0d589843687be2a459ddb530d4
figures/plotting_data/F21_SES_rank_trends.csv,7527,4d7552f48894ec6ada196cad702f950f75b65b62b8125555a63bfa5bb01361ab
figures/plotting_data/F22_international_ESCS_deciles.csv,5413,d45e222419f96e6fda75605b66707765c257c6eb2de1699b61783fc3b455f08c
figures/plotting_data/F23_fixed_panel_sorting.csv,3918,0a936153cc33d6b960a9bf32fa0d1d34511f2fe48d8d6ae0b8776a2ef0af873c
figures/plotting_data/F24_latest_group_proficiency.csv,1288,567265e59199f88243bc451715cd2a3776b10c71b3e2c47a0c9f2854a8c8c693
figures/plotting_data/F25_distribution_percentiles.csv,13869,74471aa70f37f5280e5ab5e854595b4950be84c628e6b46567ca03fc7d8fa7e0
figures/plotting_data/F26_score_spread.csv,4849,4ea214811379bfbbc6851c86a86fbfb32c3d04deb3c0f718ff85d29dd012e583
figures/plotting_data/F27_latest_group_score_ranks.csv,2496,fa2cb7ba8ce638fc65fcca98100cc01e0fae952f75d0410a724ccf614e2d037f
figures/plotting_data/F28_latest_group_proficiency_ranks.csv,2519,ec1f5e6772bb35e07772361065062614eed6dd072e56516fb108e8414e0183a0
figures/plotting_data/F29_SES_mean_rank_trends.csv,10017,e01bd4efe17e4ae70fdfd2dd8e371fdc9c66e2db4e9de812d2038bbafdcb53fe
figures/plotting_data/F30_limited_domain_context.csv,18879,11f74abbc3cc9be55466b1c9b1675027d8b82e869108f39169e731cc53447768
figures/png/F01_mean_trends.png,245428,371e66567089bb2453860450176a5f95ebaf13a6a8af6c89b0588fa9518029e6
figures/png/F02_rank_trends.png,189320,96f9f9f0fd739f5b1db36b3b32c9afaf79a4c6287bb3b07b19722adbb48f9eff
figures/png/F03_baseline_trends.png,184177,220e98571bfc9246f8a1ab8b9371c4bb2fa9e377fd33f9f74f9cff5b75336da7
figures/png/F04_lower_tail.png,204137,34d3e51a6f1e35e4d1d4ebad2fe87b7e520fd8170608f8588c29042c5ab41e4d
figures/png/F05_SES_level_trends.png,242074,4a89ecd1458ba40e3e0e15f415fe0bd711442bdb2502b95a193bb7bd1a6b13da
figures/png/F06_SES_gap_trends.png,195991,8d7ff12554b6aecb0c4400f0892a264b4d7eb4b5054f59f6bc6e7e8e4cec16a5
figures/png/F07_latest_score_gaps_N45.png,386417,dacfecb972d4dffe6a12575ef3dcba13eaeddc62ec6479ee4caa9cbcfa829158
figures/png/F08_latest_proficiency_gaps_N45.png,394309,8a3b66b920a116b64bec111a6d51b10def818d94d6ec15b79175703c20a6706c
figures/png/F09_latest_group_levels.png,195099,baf8f4a58fde807c26224e08b5768c97250a647272165a8c99d2e9fcf6c41644
figures/png/F10_panel_sensitivity_N45_N43.png,217726,dd6a50b41bbc0b8be68a2a6c346cd64ac57f3baa60b921dcc802bb762dfb563a
figures/png/F11_absolute_ESCS_fixed31.png,225417,cf969cbf4563bf127f34b06deff9ac52f415d0d8283d9dbbbf3753212e2f7c4a
figures/png/F12_national_international_ESCS.png,214696,d1f440569f65fe808701d29ec73c9118d36a9825ea8a541df1103c532475ce72
figures/png/F13_academic_sorting_pairs.png,209466,49f0273df50fddceec3d602537da199a572bcb77aa3d700d5d1cde8b993f054e
figures/png/F14_social_sorting_pairs.png,233158,fc30294d9565798f77126f621f1d4763da580d29a8a38800e606a8957309250f
figures/png/F15_sorting_current_international.png,212969,6c4f6d3fd7cb95f860c84596cbcf261b4a30bfe50bcf84747d0b7e584562af55
figures/png/F16_modal_ISCED_sensitivity.png,237518,992bd18225a230a6bfa20d7b9d4f519a6d1be1b70b76c3ce24ffe0f97afb4e90
figures/png/F17_sorting_external_comparator.png,189275,882055fa89b8801fc988855e16010c97cc65ad4e917201904282270ba213431e
figures/png/F18_demographic_diagnostics.png,198476,30ada7355870d863f93cda7b60d1517fe63a4184c816b477bf772a0bd2477865
figures/png/F19_PIRLS_MAIN12_sensitivity.png,266253,0570d0b8c03da3647e3284744ab63b87cd480734d17915060fec936382567d95
figures/png/F20_representativeness.png,187173,733e32309b296199566114acf9bd236850be511e1c3b2c34aa58a3db4300e5e0
figures/png/F21_SES_rank_trends.png,222233,9b8897854bf7d3637311574bbb784a47114d49f9721e84dc9047fa17a89e3af0
figures/png/F22_international_ESCS_deciles.png,202626,6a011a19ae55d9cab3c86e8830c0a97c7b17f46f86ac26769f6f9d4d55765e4e
figures/png/F23_fixed_panel_sorting.png,185553,4baa49ec83dc6b24426c0de865e7aa177790a1e5e057daf53dc967d6a372a5c6
figures/png/F24_latest_group_proficiency.png,178974,701af14d4d63b3b51608624541fe44e37b42036c3f2f7b91ab0dcd99fab240ef
figures/png/F25_distribution_percentiles.png,237305,cc5e84fe4e322e0365db57576d8e02c98a6659badc982970ca4248e3d0d9b4a6
figures/png/F26_score_spread.png,196362,b8ae67c743d9b692a88a4043602aa14732fcd9807533e03e3c7d1693e3f79bba
figures/png/F27_latest_group_score_ranks.png,200407,5e1cb674196174e2a9b55647bc6e60f8a4e97ba96e4ee7b08157e6b5bbd962de
figures/png/F28_latest_group_proficiency_ranks.png,214676,bd0e9f3cd9ba797a04736fc021783faf1a749ae163271a9d1e0033e4a7594ac9
figures/png/F29_SES_mean_rank_trends.png,226809,5979669ef163252bb0b897ee0ad7a1ff897fe083f0c65215063c705232b1d018
figures/png/F30_limited_domain_context.png,318738,3605ae4d04d277e083607aed4a82e2bc8b332ea242df87a41bb3065803cb0d50
figures/svg/F01_mean_trends.svg,25183,217bb67d8e642ae4b2d0c360ad2a498468ffdbffe911ce5a36af190e3b5ce2a5
figures/svg/F02_rank_trends.svg,14712,cd4a7ae72b82d96dfa422ec6b973d66bc861aa6d141f8cc12a8994398a55d5b6
figures/svg/F03_baseline_trends.svg,21130,f4a6c5990abae09554824cf28d16c78716a70d3be7751f6c5e1a6866aa3fa6c7
figures/svg/F04_lower_tail.svg,20945,c6673a0154206e8fdb18e07caaafc0cda90c0ff0f4ea0196261af575800dcbd5
figures/svg/F05_SES_level_trends.svg,28587,5fc341f09f0e06cb9362738e9d8dbabc661cf51d7393188bdc6adbfa6feb08af
figures/svg/F06_SES_gap_trends.svg,19061,eb06fadf40629f297ced98042a9091b88742ef9f3793e4623758523a352083d9
figures/svg/F07_latest_score_gaps_N45.svg,70507,7c5dd8aee0ac806319aea886a3e1049d51127e8a41d09d5172efacb909e1004f
figures/svg/F08_latest_proficiency_gaps_N45.svg,69530,862d1cadf467ba4cb30dbb20cc3120094b17679a18aa1546b2b7039c8cc35c86
figures/svg/F09_latest_group_levels.svg,15943,dd9970d857d955a8cf681604bb9e1d52d18e9463cdaea36e7a2de801456bc604
figures/svg/F10_panel_sensitivity_N45_N43.svg,17127,96b4d5d91cad703c796036755de9ad68f56d7ec022ec56aa97d7d3baf8dcdbc4
figures/svg/F11_absolute_ESCS_fixed31.svg,22627,24aa9a7bd1cbe046764e4d4826f11eb7411ea95f5424f01dbb7e224ea3bade41
figures/svg/F12_national_international_ESCS.svg,21910,a71b1f2117392b7a054b7309a168fc78048c3c156bfb66cb4eef237abb684564
figures/svg/F13_academic_sorting_pairs.svg,24089,60b83dc23f34f261306395f7a6613cd0ee4228209da16148cd2b84b637c2e779
figures/svg/F14_social_sorting_pairs.svg,26073,9e23e038f14ab81ef9d240129e9d8bcbc9b0a1ae9256fa0a80412dd7fa7d4828
figures/svg/F15_sorting_current_international.svg,38910,48c9c5ce70909fab3a8b65850d3ae16ee01306a65455dc4511807f5ad6f05d91
figures/svg/F16_modal_ISCED_sensitivity.svg,31340,7b560c7fd7737c5784131a60070de0a0761644d6f6aa335f09fd1a5068d62a3f
figures/svg/F17_sorting_external_comparator.svg,18978,0ec580d391383752e10e54e1b1bd839bd11d3f2d987e2c4291deda2aed028c65
figures/svg/F18_demographic_diagnostics.svg,13498,11d24f823620ebb8ec4c9aa1905ed51942219ad525fd7fb773b38538edbec9b1
figures/svg/F19_PIRLS_MAIN12_sensitivity.svg,19698,641f8c649f245a7fbc84d697fb568875d604f2457312bea2a2a830959ac2d660
figures/svg/F20_representativeness.svg,15228,d257a131d06f5f35ca05562f6833e213d064f61e5b078a8f502111d1f2889861
figures/svg/F21_SES_rank_trends.svg,13307,1fb4a57a9334923a86f9f2f02b45186f5e0b303e792f49eeca96b205cec19386
figures/svg/F22_international_ESCS_deciles.svg,27499,a9efeea9b345f7171eab57164f49b9b0df4aa25e799e3d4370b6beb710050c70
figures/svg/F23_fixed_panel_sorting.svg,18946,f733e210bfc999170bd279868618edeb858a6a8be638033940ae536df31e405f
figures/svg/F24_latest_group_proficiency.svg,15401,7297082a0ee6864f9b3e9fbf316eb6379c64767cf78238ebcc5feead13be72ce
figures/svg/F25_distribution_percentiles.svg,33069,49e44c1d25438fdafd858726f5736cf2f16c27154721c453e70883e33448be4b
figures/svg/F26_score_spread.svg,16487,6599f6190ad7d586bb428927292b6280c2da08619009a5784a06c8186e6f3fab
figures/svg/F27_latest_group_score_ranks.svg,12711,7f60467f0e266c17fe90d4411eae8a2d001d4a91a93af531fa0222ea6cf7ba37
figures/svg/F28_latest_group_proficiency_ranks.svg,12740,c398342bd1e477c9ba68e3b96a95f723cf9653a08d86351141c593d0f95478c7
figures/svg/F29_SES_mean_rank_trends.svg,13274,3d6c40f99158ef03422e52c352e21600a4fdb323e92d0e3f6279de2c06766b49
figures/svg/F30_limited_domain_context.svg,29748,933529f2c586d46e7a74a46730dc3763e9f5b98debc906778b6c008afae09a3f
index.html,6574,1b5acefebb80fe273843eb2f9de8b7966fba5f36e876410882c4d698feeb8ffe
scripts/build_bundle.py,6026,2815f523744161f25dd4081711d6931f463f35de7d34638f9320ca810ec82aa8
scripts/build_downloads.py,2376,4f6617ca6c86462fd34771d84ac93fffa3577909a81957adc8c9b9d6dfab1094
scripts/package_release.py,2750,f8e3c59e7349c0212b84c09a77da5eb4404b4861659c9b3015b877a231dd5408
scripts/validate_release.py,5987,d39d78754b06aba5fe8465f76249eecb39c8294b0db6599334925bd65e623728
source_snapshot/PIRLS_MAIN12_FIXED_OBSERVATION_VIEWS.csv,762788,1c2e9718ba59679804896580692fa82a5f5a6b1b621d7fb85be20d36b67be30b
source_snapshot/PIRLS_RC1_ACADEMIC_SORTING_RESULTS.csv,94653,facbb7683d4af5a13c57ab79e1ebecc1bb36f22574d15ef3b93412f7ab5bc5ad
source_snapshot/PIRLS_RC1_SOCIAL_SORTING_RESULTS.csv,87027,77b3e3f6bc0736fa423f4a45f8d3de8d9d49441af71f5aebae2012652872567f
source_snapshot/PISA_DEMOGRAPHIC_GROUP_SHARES_SUPPORT.csv,164715,551279e5771ebac9b6dc33876042a2820d2595e5aa1d055903740bec453a8b18
source_snapshot/PISA_DEMOGRAPHIC_SORTING_THEIL_H.csv,494415,7bec495e5bcee806e7e3f645ea25d2ff1b867475f8712a99c836dea70a5fe590
source_snapshot/PISA_MODAL_VS_UNRESTRICTED_ACADEMIC_SORTING.csv,37972,cec76b5634bc059867d2657412ad4c95ff64c4d839b69c53e50e55ed71c246ce
source_snapshot/PISA_MODAL_VS_UNRESTRICTED_SOCIAL_SORTING.csv,37811,8f77f46fbcdd5a6ab47d7e969899611eeedf13b2c52564a55b13146448671556
source_snapshot/PISA_RC1_SES_AND_ACADEMIC_RESULTS.csv,685879,c72567a1ed5b2ac3160399ac211838ce241cb790dcaae3d69b527f2e3ebcbd61
source_snapshot/PISA_RC1_SOCIAL_SORTING_RESULTS.csv,150882,fcc6cef2e6a6f7e85108a3d05111b847b93045ade6a33576ee33e2dfb4bab1a1
source_snapshot/RELEASE_CONDITIONS.csv,2132,9da4c3a7f567bc1a0245b549a5e87114c0125dac8b8bcfa90a803b751171bad6
source_snapshot/TABLE_CATALOG.csv,14655,57b640c091dfb2a8b108246e163b3c9499e273d9ba057b12383ef5f06a97bc34
source_snapshot/availability.csv,1862656,1721c466d098d4c2f116f95cfbbb769bb40e4851b6e26e76121f2bf520fec91a
source_snapshot/caveats.csv,12239,215448bdaa04866f0f04cd03ca6007be8b10f7a7a40d100db4fea81d40f6acd4
source_snapshot/changes.csv,2807092,833c72f95bca4ccc9a0a7d8f1929671da58340868a47d359c67aad2e0c198e7e
source_snapshot/comparison_geography_bridges.csv,404,eff01049c6e002df4bc16583db1e76275f0c4fae71479b390cd898b13e0ba5a2
source_snapshot/comparisons.csv,6588410,80e805b76b0df501f9d2ee997e3fbb79cd684bf0d3a710fec6f1af8d9a58041d
source_snapshot/countries.csv,8072,9931a6e89c8765f3219e408c883f239b8f4a80089465e45337a988e13afa69e7
source_snapshot/country_source_codes.csv,96081,6323d3c0df3a8ff2b923a4fe15f24199df339adee26052158fe9c19adf45e3e1
source_snapshot/cross_age_sorting_panel_views.csv,287896,26754041de77c336fbe2705aeda8a0a4efb95c3e961538788aff3bfc10bd9d7c
source_snapshot/demographic_cross_age_changes.csv,79473,51bbedf0eeb9f92a43ade9e3e57e05b55cdd61d36d3b0c4c40a60c1520f2d22d
source_snapshot/demographic_pirls_shares.csv,145266,a5ce49a068003d98ada76d60b38cc1c987fcd68555c740c72f138ad533c02c05
source_snapshot/demographic_pirls_sorting.csv,456132,c50c157ba71a834e286acc56d88399e19ad21feb205a0c876a80743a6ba54f1d
source_snapshot/groups.csv,9273,35666e63fa4ab651d8ebd57dc9d260bbf7c32f3b437daa66f303a38b73c3305c
source_snapshot/indicators.csv,7274,fd4926e7b1427823193ea808095a8a7c0b2fb916c12cfec22a2dbe72816a66bb
source_snapshot/international_escs_NL_fixed_reference.csv,1417,65b7f9fff48bc94142a1a86417826fc876a7ce906e07849659fdefa927b8c1be
source_snapshot/international_escs_reading_2025.csv,583844,df02a9ac77f9f45e93908c82ee31f0a892bc401a65ca6dac978da08349d1cfce
source_snapshot/latest_wave_exact_id_sensitivity.csv,50479,95265569e0ed942aeb96498b842a0288ee6715e74d16425d7834dd447ff271a5
source_snapshot/latest_wave_identical_ses_gap_rankings.csv,138103,b5efe7d0dff5db3c2c554e936b497ed7237a6f7f6047f8baa6324834a2b71652
source_snapshot/latest_wave_identical_ses_group_levels.csv,177186,1e1c108500fc5012169e1ef3e829810f17e89759ac0d389f38b47463d5ff08f0
source_snapshot/methods.csv,6286,ca219ccd32077cbcd4c2d38372be7bdd240a7f3b3ada5fb9c82296dfd27c0f66
source_snapshot/module_status.csv,2766,c87c045c41c539f34489f3327d8fe5b0b7d4a20c58e5fb758cc636aa185765ac
source_snapshot/observations.csv,4001409,bc865349a347cae918767b2298c9ff1196e2573f7fb65ba500c219fad038a669
source_snapshot/oecd_sorting_numerical_benchmark_2025.csv,160847,4acd12b8be63c8826763f27bc4b9941afebb365621f05bf8c94797aff386ae39
source_snapshot/official_reading_changes_to2025.csv,182839,c7770ddd890612564c22f814ab7575e78f3f5631460e84ccc3eaa24e3b3d0011
source_snapshot/panel_members.csv,70848,0cdb13c9f4fea4872c705d584053a3cbf24c5f54acda35d6b4fe459bd53d938e
source_snapshot/panels.csv,10574,a312143dc6a9922a3ed8b03b51f7e4e67ddcbb4e3069dca6b3dc84aaef7d3440
source_snapshot/representativeness.csv,611792,414bb18152a4f95c9a0c52e9f15fab0224d34df760b7791f72212ff5f0826d78
source_snapshot/samples.csv,3721,a2fcf2cd87327bb5a079a3d479f829d5587b0061e9def839c691676729806d3c
source_snapshot/scales.csv,1355,0498f95bafaa5c84513d145236f6d7550596210eb6b41afa09a87f0475eff88d
source_snapshot/sources.csv,10833,da5e21014b8f7cb3e64c6513468307114dc98171f9c8676a135eafb8cabfdab3
source_snapshot/thresholds.csv,1155,8cda8f3dfec7a5a61b3f4b0bea2c408896bc08079f4f7b6d4a0f69556e16818a
tests/render_checks.cjs,6143,92f428d5f3d412f3b563a136438e1c480c5b27f7cfd32640b424aac77a714bbc
