outcome_family,product_destination,status,basis,claim_rule
Averages and trends,policy + scientific + dashboard,FINAL_WITH_CAVEAT,FINAL_ANALYSIS_FREEZE_20260928,No product may strengthen claims beyond this use status
Low/high performance and distributions,policy + scientific + dashboard,FINAL_WITH_CAVEAT,FINAL_ANALYSIS_FREEZE_20260928,No product may strengthen claims beyond this use status
SES levels and gaps,policy + scientific + dashboard,FINAL_WITH_CAVEAT,FINAL_ANALYSIS_FREEZE_20260928,No product may strengthen claims beyond this use status
Gender levels and gaps,policy + scientific + dashboard,FINAL_WITH_CAVEAT,FINAL_ANALYSIS_FREEZE_20260928,No product may strengthen claims beyond this use status
Language and migration,scientific appendix + dashboard,FINAL_WITH_CAVEAT,FINAL_ANALYSIS_FREEZE_20260928,No product may strengthen claims beyond this use status
School/class sorting,policy + scientific + dashboard,FINAL_WITH_CAVEAT,FINAL_ANALYSIS_FREEZE_20260928,No product may strengthen claims beyond this use status
International panels/ranks,policy + scientific + dashboard,FINAL_WITH_CAVEAT,FINAL_ANALYSIS_FREEZE_20260928,No product may strengthen claims beyond this use status
Cohort/fase comparison,policy + scientific + dashboard,FINAL_WITH_CAVEAT,FINAL_ANALYSIS_FREEZE_20260928,No product may strengthen claims beyond this use status
Data quality/representativeness,policy caveat + scientific + registers,FINAL,FINAL_ANALYSIS_FREEZE_20260928,No product may strengthen claims beyond this use status
