filename,site_usage,classification,kind,bytes,sha256,reason,provenance_id
product_data/FINAL_IMPACT_MATRIX.csv,INCLUDED,PUBLIC_OK,release_control_metadata,1847,f8f10d95c3f8cd4b0b36e71f7c92f4fee8aea28eb13af84061720b83fefd7c84,Small project-authored status/control register.,FINAL_ANALYSIS_FREEZE_20260928:release registers
product_data/FINAL_OPEN_POINTS_STATUS.csv,INCLUDED,PUBLIC_OK,release_control_metadata,3022,c13080fe8fec2f2f3794870c18089fb7743b9b4d02a02221f8bb1f20a9872d52,Small project-authored status/control register.,FINAL_ANALYSIS_FREEZE_20260928:release registers
product_data/FINAL_PRODUCT_BASIS.csv.gz,EXCLUDED,PUBLIC_SUMMARY_ONLY,complete_derived_master,14637983,a65ce3fe274835535cfbf25e4598d647644eb00f9f1d6c7aac621aee71b83bb0,Complete derived bulk master is documented by size/hash but not distributed publicly while full IEA-derived bulk redistribution remains unresolved.,FINAL_ANALYSIS_FREEZE_20260928
product_data/FINAL_TECHNICAL_VALIDATION.csv,INCLUDED,PUBLIC_OK,release_control_metadata,441,ca30ea2dc12b69eb619961b57c5e520722035f7ae24a84224870bc1139e7305b,Small project-authored status/control register.,FINAL_ANALYSIS_FREEZE_20260928:release registers
product_data/FINAL_USE_STATUS_REGISTER.csv,INCLUDED,PUBLIC_OK,release_control_metadata,615,b6a6bd648dabb961785cb4e1ecaec2103f7fe68ead5870ea33d7d638c8a922c3,Small project-authored status/control register.,FINAL_ANALYSIS_FREEZE_20260928:release registers
product_data/RESULTATEN_MASTER.csv.gz,EXCLUDED,PUBLIC_SUMMARY_ONLY,complete_derived_master,15157933,701945943605f794cd97c36e2e834e9b2ac415ac54204b66a8c7110ed73c8182,Complete derived bulk master is documented by size/hash but not distributed publicly while full IEA-derived bulk redistribution remains unresolved.,FINAL_ANALYSIS_FREEZE_20260928
product_data/countries/iso3_ALB.json,INCLUDED,PUBLIC_OK,aggregate_country_profile,612739,70bf2a69a0a96211927482a18052fb9baf701463166367870d5fa66d95113cad,Frozen aggregate records required for interactive country/system views.,FINAL_ANALYSIS_FREEZE_20260928:RESULTATEN_MASTER country/system subset
product_data/countries/iso3_ARE.json,INCLUDED,PUBLIC_OK,aggregate_country_profile,751477,3c32c7993280ee32f9840b28c8f2b359774be27f60b057e962c05a1c5c48ba07,Frozen aggregate records required for interactive country/system views.,FINAL_ANALYSIS_FREEZE_20260928:RESULTATEN_MASTER country/system subset
product_data/countries/iso3_ARG.json,INCLUDED,PUBLIC_OK,aggregate_country_profile,484121,3ceb91696961d9794daba99e7da71a4cb40e4300debd686e656a91ab054f38e9,Frozen aggregate records required for interactive country/system views.,FINAL_ANALYSIS_FREEZE_20260928:RESULTATEN_MASTER country/system subset
product_data/countries/iso3_ARM.json,INCLUDED,PUBLIC_OK,aggregate_country_profile,563852,352982bbce443e39cdb8f636a39643a0f69ecbc8cbcd2f46ea7e70a4e8ba5542,Frozen aggregate records required for interactive country/system views.,FINAL_ANALYSIS_FREEZE_20260928:RESULTATEN_MASTER country/system subset
product_data/countries/iso3_AUS.json,INCLUDED,PUBLIC_OK,aggregate_country_profile,908533,da361f836f7df1f142e5e52e71630cb6938848c8c101c7a979caf0baf550a107,Frozen aggregate records required for interactive country/system views.,FINAL_ANALYSIS_FREEZE_20260928:RESULTATEN_MASTER country/system subset
product_data/countries/iso3_AUT.json,INCLUDED,PUBLIC_OK,aggregate_country_profile,781345,2971b06e6aabee14ca018ab474d7f9b21e0868499c1eb99609a812f71418f0c7,Frozen aggregate records required for interactive country/system views.,FINAL_ANALYSIS_FREEZE_20260928:RESULTATEN_MASTER country/system subset
product_data/countries/iso3_AZE.json,INCLUDED,PUBLIC_OK,aggregate_country_profile,533878,164b548f4936a8f21cb8d8cc43808c5e04e9f8581d90fbe03a134b657ba381d2,Frozen aggregate records required for interactive country/system views.,FINAL_ANALYSIS_FREEZE_20260928:RESULTATEN_MASTER country/system subset
product_data/countries/iso3_BEL.json,INCLUDED,PUBLIC_OK,aggregate_country_profile,564471,aebd6738904d2cba4df625bf912069e9ec4fa2b8e7614b2a1774e734590065e2,Frozen aggregate records required for interactive country/system views.,FINAL_ANALYSIS_FREEZE_20260928:RESULTATEN_MASTER country/system subset
product_data/countries/iso3_BGR.json,INCLUDED,PUBLIC_OK,aggregate_country_profile,756282,7cceee074bd32cada604cf99775843ae1b29cc9365b66075fde83380820e6b4f,Frozen aggregate records required for interactive country/system views.,FINAL_ANALYSIS_FREEZE_20260928:RESULTATEN_MASTER country/system subset
product_data/countries/iso3_BHR.json,INCLUDED,PUBLIC_OK,aggregate_country_profile,189595,2a0d0e08f342d10cde99c82d55f66f486ecac64ab6cef58fd1d7dc403c523897,Frozen aggregate records required for interactive country/system views.,FINAL_ANALYSIS_FREEZE_20260928:RESULTATEN_MASTER country/system subset
product_data/countries/iso3_BIH.json,INCLUDED,PUBLIC_OK,aggregate_country_profile,155237,6a1e276d4c33ebf1636a80780f0886278ae6778fa49610a839f376c289bb4d14,Frozen aggregate records required for interactive country/system views.,FINAL_ANALYSIS_FREEZE_20260928:RESULTATEN_MASTER country/system subset
product_data/countries/iso3_BLR.json,INCLUDED,PUBLIC_OK,aggregate_country_profile,58618,663ec45105ef91250e178c6b013ce0a945cab7c0e01dd13438bebafc4ad507dc,Frozen aggregate records required for interactive country/system views.,FINAL_ANALYSIS_FREEZE_20260928:RESULTATEN_MASTER country/system subset
product_data/countries/iso3_BLZ.json,INCLUDED,PUBLIC_OK,aggregate_country_profile,10750,9d2d0cce520c2568a735be085583559e9e6faa3767bb1553f0c12a6343c89a19,Frozen aggregate records required for interactive country/system views.,FINAL_ANALYSIS_FREEZE_20260928:RESULTATEN_MASTER country/system subset
product_data/countries/iso3_BRA.json,INCLUDED,PUBLIC_OK,aggregate_country_profile,670009,c4dba70a38122e662aab1c8c3e484ba98dc7a93dbf5f92d5e1153f70b493ed27,Frozen aggregate records required for interactive country/system views.,FINAL_ANALYSIS_FREEZE_20260928:RESULTATEN_MASTER country/system subset
product_data/countries/iso3_BRN.json,INCLUDED,PUBLIC_OK,aggregate_country_profile,409966,f4c3854cd3825ae407f92a09946bcfcc8dee3d554494c76f2a9089bb3eac5d0a,Frozen aggregate records required for interactive country/system views.,FINAL_ANALYSIS_FREEZE_20260928:RESULTATEN_MASTER country/system subset
product_data/countries/iso3_CAN.json,INCLUDED,PUBLIC_OK,aggregate_country_profile,776645,c62d26be887ebbd9150791609fbf1043d0af9afb5dfdc29c7405fd11ca42e1ef,Frozen aggregate records required for interactive country/system views.,FINAL_ANALYSIS_FREEZE_20260928:RESULTATEN_MASTER country/system subset
product_data/countries/iso3_CHE.json,INCLUDED,PUBLIC_OK,aggregate_country_profile,575418,d07a1388873e07a44320980694f6a8f2cefd00b687787dc88439bd3ea34e23da,Frozen aggregate records required for interactive country/system views.,FINAL_ANALYSIS_FREEZE_20260928:RESULTATEN_MASTER country/system subset
product_data/countries/iso3_CHL.json,INCLUDED,PUBLIC_OK,aggregate_country_profile,745579,0fc4432aa3b4c82e32335012886de325af883c39e67fae75e088dcb7c772ba60,Frozen aggregate records required for interactive country/system views.,FINAL_ANALYSIS_FREEZE_20260928:RESULTATEN_MASTER country/system subset
product_data/countries/iso3_COL.json,INCLUDED,PUBLIC_OK,aggregate_country_profile,609881,4e49f9980c5c8fff0aafc1532a998244b648bd01f07f6d5922a706436661cd5e,Frozen aggregate records required for interactive country/system views.,FINAL_ANALYSIS_FREEZE_20260928:RESULTATEN_MASTER country/system subset
product_data/countries/iso3_CRI.json,INCLUDED,PUBLIC_OK,aggregate_country_profile,455037,ec62663b2212bdbd5c983ffc0eea01b20c4ed340fc4983e0f14c09f0789dddb1,Frozen aggregate records required for interactive country/system views.,FINAL_ANALYSIS_FREEZE_20260928:RESULTATEN_MASTER country/system subset
product_data/countries/iso3_CYP.json,INCLUDED,PUBLIC_OK,aggregate_country_profile,532526,632df266d5509f27edd2e621013c34c650391c55ebe79606c56c377b187df73e,Frozen aggregate records required for interactive country/system views.,FINAL_ANALYSIS_FREEZE_20260928:RESULTATEN_MASTER country/system subset
product_data/countries/iso3_CZE.json,INCLUDED,PUBLIC_OK,aggregate_country_profile,878627,1da7716ffeb6138a0e00a3181491455187b3c615dcd85381bca20cde1966ab3a,Frozen aggregate records required for interactive country/system views.,FINAL_ANALYSIS_FREEZE_20260928:RESULTATEN_MASTER country/system subset
product_data/countries/iso3_DEU.json,INCLUDED,PUBLIC_OK,aggregate_country_profile,841287,6e46eb41238e47f40526195a9020ecaefe3deb2ba88f60981d8b1e55b11df101,Frozen aggregate records required for interactive country/system views.,FINAL_ANALYSIS_FREEZE_20260928:RESULTATEN_MASTER country/system subset
product_data/countries/iso3_DNK.json,INCLUDED,PUBLIC_OK,aggregate_country_profile,834324,a9e80e64a5468ca4c2921d25b8417e7babfd04bd7810de2a9f7e77cc5aa8ac72,Frozen aggregate records required for interactive country/system views.,FINAL_ANALYSIS_FREEZE_20260928:RESULTATEN_MASTER country/system subset
product_data/countries/iso3_DOM.json,INCLUDED,PUBLIC_OK,aggregate_country_profile,456996,922897b28e0d44833b74c72bdb5ba7db34fd334f5a6ad3e528f413258cf0cc11,Frozen aggregate records required for interactive country/system views.,FINAL_ANALYSIS_FREEZE_20260928:RESULTATEN_MASTER country/system subset
product_data/countries/iso3_DZA.json,INCLUDED,PUBLIC_OK,aggregate_country_profile,130380,3386f9bf87f3f18ca494cd8c04b62b05457b6f1b3dadd18ee32bd81d1c8f6e14,Frozen aggregate records required for interactive country/system views.,FINAL_ANALYSIS_FREEZE_20260928:RESULTATEN_MASTER country/system subset
product_data/countries/iso3_ECU.json,INCLUDED,PUBLIC_OK,aggregate_country_profile,315702,76d53c838d636de19d383a5222f6a9eb736242115280f1112936cbce0aaae511,Frozen aggregate records required for interactive country/system views.,FINAL_ANALYSIS_FREEZE_20260928:RESULTATEN_MASTER country/system subset
product_data/countries/iso3_EGY.json,INCLUDED,PUBLIC_OK,aggregate_country_profile,13188,420cca99a3a24d17e679a379d9cb94a65f2b377c70951d2952978d12cc93844c,Frozen aggregate records required for interactive country/system views.,FINAL_ANALYSIS_FREEZE_20260928:RESULTATEN_MASTER country/system subset
product_data/countries/iso3_ESP.json,INCLUDED,PUBLIC_OK,aggregate_country_profile,762122,da04b0f288b89a80cc8b680a553aa4af403e17f9d02507ca6efbf558d8f29a96,Frozen aggregate records required for interactive country/system views.,FINAL_ANALYSIS_FREEZE_20260928:RESULTATEN_MASTER country/system subset
product_data/countries/iso3_EST.json,INCLUDED,PUBLIC_OK,aggregate_country_profile,559380,a2fb1b4a3039146fc8418aa000e6fcda058544deb46287acce462ad8209532e3,Frozen aggregate records required for interactive country/system views.,FINAL_ANALYSIS_FREEZE_20260928:RESULTATEN_MASTER country/system subset
product_data/countries/iso3_FIN.json,INCLUDED,PUBLIC_OK,aggregate_country_profile,802776,e61c9a28994231c9c965c5e7ac1f29f186d82fc862ad33b16109ebc620bc35eb,Frozen aggregate records required for interactive country/system views.,FINAL_ANALYSIS_FREEZE_20260928:RESULTATEN_MASTER country/system subset
product_data/countries/iso3_FRA.json,INCLUDED,PUBLIC_OK,aggregate_country_profile,777505,da2ade1f07463ac091d803cee3d4347a3628644f19866bed8861d29d0e877aeb,Frozen aggregate records required for interactive country/system views.,FINAL_ANALYSIS_FREEZE_20260928:RESULTATEN_MASTER country/system subset
product_data/countries/iso3_GBR.json,INCLUDED,PUBLIC_OK,aggregate_country_profile,567554,6adfe10843be21f0d84ce69d31324eeb0aec7eb41d67e6fb779961ea11db1341,Frozen aggregate records required for interactive country/system views.,FINAL_ANALYSIS_FREEZE_20260928:RESULTATEN_MASTER country/system subset
product_data/countries/iso3_GEO.json,INCLUDED,PUBLIC_OK,aggregate_country_profile,764762,81f6199d7700d7406d9d03172bbfa8c759f0c269965bb2a991fc67dca0876d12,Frozen aggregate records required for interactive country/system views.,FINAL_ANALYSIS_FREEZE_20260928:RESULTATEN_MASTER country/system subset
product_data/countries/iso3_GRC.json,INCLUDED,PUBLIC_OK,aggregate_country_profile,648259,a50facabcfeb586c41605b7c51b54ce836f133e06c8a15f6517e29006741c299,Frozen aggregate records required for interactive country/system views.,FINAL_ANALYSIS_FREEZE_20260928:RESULTATEN_MASTER country/system subset
product_data/countries/iso3_GTM.json,INCLUDED,PUBLIC_OK,aggregate_country_profile,366795,2b11d2498209c1cf36370bfd5290e4738f7e034c804dd0af9ef636ad16bf1216,Frozen aggregate records required for interactive country/system views.,FINAL_ANALYSIS_FREEZE_20260928:RESULTATEN_MASTER country/system subset
product_data/countries/iso3_HRV.json,INCLUDED,PUBLIC_OK,aggregate_country_profile,726202,92ddccdf9ea04cd76903eb3fcefa9941d1e2fd5ab648e75d774ac0cbcf3732e4,Frozen aggregate records required for interactive country/system views.,FINAL_ANALYSIS_FREEZE_20260928:RESULTATEN_MASTER country/system subset
product_data/countries/iso3_HUN.json,INCLUDED,PUBLIC_OK,aggregate_country_profile,933946,3b453985a470e9590c8f056771d4c69488523a8e6a8c3663a66e9f22bf28dca2,Frozen aggregate records required for interactive country/system views.,FINAL_ANALYSIS_FREEZE_20260928:RESULTATEN_MASTER country/system subset
product_data/countries/iso3_IDN.json,INCLUDED,PUBLIC_OK,aggregate_country_profile,631756,2db03fc906434c31c8d8fd65f6c5e26f11dca2f206f622ae3179cc411ad5f7b3,Frozen aggregate records required for interactive country/system views.,FINAL_ANALYSIS_FREEZE_20260928:RESULTATEN_MASTER country/system subset
product_data/countries/iso3_IRL.json,INCLUDED,PUBLIC_OK,aggregate_country_profile,824085,45a218085b06b046671075ce39ec4caa04ed9e31c774451854351df845b78b87,Frozen aggregate records required for interactive country/system views.,FINAL_ANALYSIS_FREEZE_20260928:RESULTATEN_MASTER country/system subset
product_data/countries/iso3_IRN.json,INCLUDED,PUBLIC_OK,aggregate_country_profile,316796,7741d7ce7efcb61744285bb9668f2d16183b9f790517b4800b11fe0b9f9c05fd,Frozen aggregate records required for interactive country/system views.,FINAL_ANALYSIS_FREEZE_20260928:RESULTATEN_MASTER country/system subset
product_data/countries/iso3_ISL.json,INCLUDED,PUBLIC_OK,aggregate_country_profile,638770,8a6a540dbb5db15850f768de27f1e4367c45a27d13fb517b03777a5b0b0e240c,Frozen aggregate records required for interactive country/system views.,FINAL_ANALYSIS_FREEZE_20260928:RESULTATEN_MASTER country/system subset
product_data/countries/iso3_ISR.json,INCLUDED,PUBLIC_OK,aggregate_country_profile,670626,a600f20c088977a8b59a4f9f79129778d732705e63fe6e04530af8164c0668ca,Frozen aggregate records required for interactive country/system views.,FINAL_ANALYSIS_FREEZE_20260928:RESULTATEN_MASTER country/system subset
product_data/countries/iso3_ITA.json,INCLUDED,PUBLIC_OK,aggregate_country_profile,897366,b5b9d377711dee74fdc5b4a69c99113827a6054b602d66716c546733d8898566,Frozen aggregate records required for interactive country/system views.,FINAL_ANALYSIS_FREEZE_20260928:RESULTATEN_MASTER country/system subset
product_data/countries/iso3_JAM.json,INCLUDED,PUBLIC_OK,aggregate_country_profile,70385,d460039044b785e47118f8bf4ad52e8d6ee9aac95009ee16f69c24d81bf3f424,Frozen aggregate records required for interactive country/system views.,FINAL_ANALYSIS_FREEZE_20260928:RESULTATEN_MASTER country/system subset
product_data/countries/iso3_JOR.json,INCLUDED,PUBLIC_OK,aggregate_country_profile,607219,a9c96d2fd3772b16074aff452b78b1b9f18df24cfcbce561adf02f90ded77969,Frozen aggregate records required for interactive country/system views.,FINAL_ANALYSIS_FREEZE_20260928:RESULTATEN_MASTER country/system subset
product_data/countries/iso3_JPN.json,INCLUDED,PUBLIC_OK,aggregate_country_profile,861076,e423570cf4788012d69bf96d28f307b8ecd17d8f1133718f6ae57b6aba85faed,Frozen aggregate records required for interactive country/system views.,FINAL_ANALYSIS_FREEZE_20260928:RESULTATEN_MASTER country/system subset
product_data/countries/iso3_KAZ.json,INCLUDED,PUBLIC_OK,aggregate_country_profile,719875,11d0a1aa5df585835f6b2de8013729661b4e1386c7b4d43966970da50fccaeed,Frozen aggregate records required for interactive country/system views.,FINAL_ANALYSIS_FREEZE_20260928:RESULTATEN_MASTER country/system subset
product_data/countries/iso3_KEN.json,INCLUDED,PUBLIC_OK,aggregate_country_profile,296183,947907cd81fc73d212844c7fc8754525fb26d3c9c5af148ed7c659b54dab2ce1,Frozen aggregate records required for interactive country/system views.,FINAL_ANALYSIS_FREEZE_20260928:RESULTATEN_MASTER country/system subset
product_data/countries/iso3_KGZ.json,INCLUDED,PUBLIC_OK,aggregate_country_profile,346075,4ba8eb036c60db8c282f9183f4fddbd78c19063c4906ae53b06fe8010c988be6,Frozen aggregate records required for interactive country/system views.,FINAL_ANALYSIS_FREEZE_20260928:RESULTATEN_MASTER country/system subset
product_data/countries/iso3_KHM.json,INCLUDED,PUBLIC_OK,aggregate_country_profile,355635,7e1d38eb97dfa8aa5695ab7c28c97f534922dc0524eb65fefcc260a610c563e7,Frozen aggregate records required for interactive country/system views.,FINAL_ANALYSIS_FREEZE_20260928:RESULTATEN_MASTER country/system subset
product_data/countries/iso3_KOR.json,INCLUDED,PUBLIC_OK,aggregate_country_profile,791901,c9be557c63766489fb21f92d9a2694103dec0d248a14dd32625a5fd8f08eb83c,Frozen aggregate records required for interactive country/system views.,FINAL_ANALYSIS_FREEZE_20260928:RESULTATEN_MASTER country/system subset
product_data/countries/iso3_KSV.json,INCLUDED,PUBLIC_OK,aggregate_country_profile,289056,2cff73ef47ebf10b00031836aee4cd9bf282dc5520dce55f1220348c724c3fde,Frozen aggregate records required for interactive country/system views.,FINAL_ANALYSIS_FREEZE_20260928:RESULTATEN_MASTER country/system subset
product_data/countries/iso3_KWT.json,INCLUDED,PUBLIC_OK,aggregate_country_profile,255442,3ce3b6d0f8d06b337d85210321a975fa3e2e9ffad6db5c11593c750d8020544a,Frozen aggregate records required for interactive country/system views.,FINAL_ANALYSIS_FREEZE_20260928:RESULTATEN_MASTER country/system subset
product_data/countries/iso3_LBN.json,INCLUDED,PUBLIC_OK,aggregate_country_profile,412017,3b9934a3f1c4e6066b59abfb685f29963bf51cdbc8c5330186b847a3a1daa401,Frozen aggregate records required for interactive country/system views.,FINAL_ANALYSIS_FREEZE_20260928:RESULTATEN_MASTER country/system subset
product_data/countries/iso3_LIE.json,INCLUDED,PUBLIC_OK,aggregate_country_profile,103852,dc6d53c94b3f5e3614ab912a8522e1a34523dc12b57fdc4ffb54180ea9ef7cca,Frozen aggregate records required for interactive country/system views.,FINAL_ANALYSIS_FREEZE_20260928:RESULTATEN_MASTER country/system subset
product_data/countries/iso3_LTU.json,INCLUDED,PUBLIC_OK,aggregate_country_profile,875570,3c9e23658a26fdfd0661bf69c55dab639dfccfa3c6773d5701da6f0af5adb188,Frozen aggregate records required for interactive country/system views.,FINAL_ANALYSIS_FREEZE_20260928:RESULTATEN_MASTER country/system subset
product_data/countries/iso3_LUX.json,INCLUDED,PUBLIC_OK,aggregate_country_profile,507974,9955f22edfd4b71c31727fb830592081e82794571b6b2cfb61932dd0fee9f29d,Frozen aggregate records required for interactive country/system views.,FINAL_ANALYSIS_FREEZE_20260928:RESULTATEN_MASTER country/system subset
product_data/countries/iso3_LVA.json,INCLUDED,PUBLIC_OK,aggregate_country_profile,850566,5fb499e05ac0c37e74f5d5faf4f2f4d0dbf506ee89fb183650f3bfcddf558a15,Frozen aggregate records required for interactive country/system views.,FINAL_ANALYSIS_FREEZE_20260928:RESULTATEN_MASTER country/system subset
product_data/countries/iso3_MAR.json,INCLUDED,PUBLIC_OK,aggregate_country_profile,709291,83b3084fa71e0b6b57efd7f9c67a33e3c852e0f58fa7518b3ee1dee8c7ff93c4,Frozen aggregate records required for interactive country/system views.,FINAL_ANALYSIS_FREEZE_20260928:RESULTATEN_MASTER country/system subset
product_data/countries/iso3_MDA.json,INCLUDED,PUBLIC_OK,aggregate_country_profile,572958,a522975b7b9724d56e630dba7cd7fee4a23d7608e8492fbad1ba0fe2e8334e34,Frozen aggregate records required for interactive country/system views.,FINAL_ANALYSIS_FREEZE_20260928:RESULTATEN_MASTER country/system subset
product_data/countries/iso3_MEX.json,INCLUDED,PUBLIC_OK,aggregate_country_profile,570370,41e848d9966d533e4a4b4fed38f02335be66bfa390b0dc2bddcd607a357e87d7,Frozen aggregate records required for interactive country/system views.,FINAL_ANALYSIS_FREEZE_20260928:RESULTATEN_MASTER country/system subset
product_data/countries/iso3_MKD.json,INCLUDED,PUBLIC_OK,aggregate_country_profile,621845,970f08754ed8b971248c49a51adf5467febcbb7adac6a2b041048a0eb844e869,Frozen aggregate records required for interactive country/system views.,FINAL_ANALYSIS_FREEZE_20260928:RESULTATEN_MASTER country/system subset
product_data/countries/iso3_MLT.json,INCLUDED,PUBLIC_OK,aggregate_country_profile,628115,98e23ddda16db010c349b988d454cf94629924dec19ea39d72f363b6f2a2c33e,Frozen aggregate records required for interactive country/system views.,FINAL_ANALYSIS_FREEZE_20260928:RESULTATEN_MASTER country/system subset
product_data/countries/iso3_MNE.json,INCLUDED,PUBLIC_OK,aggregate_country_profile,697480,4f6ef87d1e05a998a53435522b766b08932462524a66cf42ed25bc8870466dc1,Frozen aggregate records required for interactive country/system views.,FINAL_ANALYSIS_FREEZE_20260928:RESULTATEN_MASTER country/system subset
product_data/countries/iso3_MNG.json,INCLUDED,PUBLIC_OK,aggregate_country_profile,414637,6107ff860ce61167cff896672d15cc2ce9abaec873a60b994e6a85ac47e4a1d7,Frozen aggregate records required for interactive country/system views.,FINAL_ANALYSIS_FREEZE_20260928:RESULTATEN_MASTER country/system subset
product_data/countries/iso3_MUS.json,INCLUDED,PUBLIC_OK,aggregate_country_profile,321806,c0ca1b6754a94409b7693943a53d54e3efe949c7611d38a54c5833606009f057,Frozen aggregate records required for interactive country/system views.,FINAL_ANALYSIS_FREEZE_20260928:RESULTATEN_MASTER country/system subset
product_data/countries/iso3_MYS.json,INCLUDED,PUBLIC_OK,aggregate_country_profile,452921,dc84263b3ca39221d1b0f6ee3b5219c1277e3c57e09899246627cbbdb3f5eeef,Frozen aggregate records required for interactive country/system views.,FINAL_ANALYSIS_FREEZE_20260928:RESULTATEN_MASTER country/system subset
product_data/countries/iso3_NLD.json,INCLUDED,PUBLIC_OK,aggregate_country_profile,944381,daf18c7ae93157e7e87537b6025cca49b679cc5263efb7ac9d39af1133fff38e,Frozen aggregate records required for interactive country/system views.,FINAL_ANALYSIS_FREEZE_20260928:RESULTATEN_MASTER country/system subset
product_data/countries/iso3_NOR.json,INCLUDED,PUBLIC_OK,aggregate_country_profile,924285,a812c5a244f7e6a750b88d629015617320fbfb68019d4440d358d7016eac22b3,Frozen aggregate records required for interactive country/system views.,FINAL_ANALYSIS_FREEZE_20260928:RESULTATEN_MASTER country/system subset
product_data/countries/iso3_NZL.json,INCLUDED,PUBLIC_OK,aggregate_country_profile,918397,ffbb4c2bb21a06737722cf0c28ffc2e336eb84e0fe7bfd6f11186f929e7d37d7,Frozen aggregate records required for interactive country/system views.,FINAL_ANALYSIS_FREEZE_20260928:RESULTATEN_MASTER country/system subset
product_data/countries/iso3_OMN.json,INCLUDED,PUBLIC_OK,aggregate_country_profile,194575,9e0dd02064d615442344ee1d38062f9f181f58ec7f19c56023d10d05c25c06e0,Frozen aggregate records required for interactive country/system views.,FINAL_ANALYSIS_FREEZE_20260928:RESULTATEN_MASTER country/system subset
product_data/countries/iso3_PAN.json,INCLUDED,PUBLIC_OK,aggregate_country_profile,117508,ec36d8b4c594ea0c2857933d324cb698bd4bf0d0fcdef3bead35aeabb50e5927,Frozen aggregate records required for interactive country/system views.,FINAL_ANALYSIS_FREEZE_20260928:RESULTATEN_MASTER country/system subset
product_data/countries/iso3_PER.json,INCLUDED,PUBLIC_OK,aggregate_country_profile,515143,00758a0d9a1a5cadb58de1c951843bf76617a4f944d2a093a7c7ced2a07cf927,Frozen aggregate records required for interactive country/system views.,FINAL_ANALYSIS_FREEZE_20260928:RESULTATEN_MASTER country/system subset
product_data/countries/iso3_PHL.json,INCLUDED,PUBLIC_OK,aggregate_country_profile,499036,0fd24ec2b17b9bdeea413aba602148df72ed30fdfd81c4ca2adeb560433ee89d,Frozen aggregate records required for interactive country/system views.,FINAL_ANALYSIS_FREEZE_20260928:RESULTATEN_MASTER country/system subset
product_data/countries/iso3_POL.json,INCLUDED,PUBLIC_OK,aggregate_country_profile,802847,98cd2ea58a08cae55ab06562c423d47115af62e0c866f8f0d7e1c698453c4bb3,Frozen aggregate records required for interactive country/system views.,FINAL_ANALYSIS_FREEZE_20260928:RESULTATEN_MASTER country/system subset
product_data/countries/iso3_PRT.json,INCLUDED,PUBLIC_OK,aggregate_country_profile,838799,0d8a891e76982cadd072b1e70043b1c15bbbf8af25262dd314dd2a86e4c046d4,Frozen aggregate records required for interactive country/system views.,FINAL_ANALYSIS_FREEZE_20260928:RESULTATEN_MASTER country/system subset
product_data/countries/iso3_PRY.json,INCLUDED,PUBLIC_OK,aggregate_country_profile,372088,c1ad6f98fee90728576e4845dd3c3830fbfdc9ff9fa5688e223358f5fd60df3e,Frozen aggregate records required for interactive country/system views.,FINAL_ANALYSIS_FREEZE_20260928:RESULTATEN_MASTER country/system subset
product_data/countries/iso3_QAT.json,INCLUDED,PUBLIC_OK,aggregate_country_profile,831746,ffd7cdded58f4ad15a442fa4579861330c7fce6c42c338be2b44bc88764dc493,Frozen aggregate records required for interactive country/system views.,FINAL_ANALYSIS_FREEZE_20260928:RESULTATEN_MASTER country/system subset
product_data/countries/iso3_ROU.json,INCLUDED,PUBLIC_OK,aggregate_country_profile,684935,73cfc364b78fc184646cc178c35375f6d1b642ff4dd0a10d5ba376e48aff6338,Frozen aggregate records required for interactive country/system views.,FINAL_ANALYSIS_FREEZE_20260928:RESULTATEN_MASTER country/system subset
product_data/countries/iso3_RUS.json,INCLUDED,PUBLIC_OK,aggregate_country_profile,420964,f0f7026087bcd2bd50b72140393776607daccbf7137d5fb65d870bb329162fae,Frozen aggregate records required for interactive country/system views.,FINAL_ANALYSIS_FREEZE_20260928:RESULTATEN_MASTER country/system subset
product_data/countries/iso3_RWA.json,INCLUDED,PUBLIC_OK,aggregate_country_profile,297292,e1bd12505769f548890bc44975715a3fb4fcb106aa5b99082edbdaac93985c0b,Frozen aggregate records required for interactive country/system views.,FINAL_ANALYSIS_FREEZE_20260928:RESULTATEN_MASTER country/system subset
product_data/countries/iso3_SAU.json,INCLUDED,PUBLIC_OK,aggregate_country_profile,631264,f230180ae86572dd7ce0e89c76f9f1cb37d2fa14cc962b0951cf2d69a1a4a31e,Frozen aggregate records required for interactive country/system views.,FINAL_ANALYSIS_FREEZE_20260928:RESULTATEN_MASTER country/system subset
product_data/countries/iso3_SGP.json,INCLUDED,PUBLIC_OK,aggregate_country_profile,878163,4cf5fc02786e77fad45424629e8b38e4fad9ffae8c7b89673c1cec0513a58409,Frozen aggregate records required for interactive country/system views.,FINAL_ANALYSIS_FREEZE_20260928:RESULTATEN_MASTER country/system subset
product_data/countries/iso3_SLV.json,INCLUDED,PUBLIC_OK,aggregate_country_profile,398764,94c10f34a17c4f8746afad24417d7b2cae2d5529977f2642fbcd2c3ab5f54e87,Frozen aggregate records required for interactive country/system views.,FINAL_ANALYSIS_FREEZE_20260928:RESULTATEN_MASTER country/system subset
product_data/countries/iso3_SRB.json,INCLUDED,PUBLIC_OK,aggregate_country_profile,701312,65c2b16455c84ba75982942a0884fc157f1104a32c19d8ab2860eff66dd33a29,Frozen aggregate records required for interactive country/system views.,FINAL_ANALYSIS_FREEZE_20260928:RESULTATEN_MASTER country/system subset
product_data/countries/iso3_SVK.json,INCLUDED,PUBLIC_OK,aggregate_country_profile,850644,727da137f3bfefbc31b611ae5750b50a91719be844f07a766b8a458ce9ee197e,Frozen aggregate records required for interactive country/system views.,FINAL_ANALYSIS_FREEZE_20260928:RESULTATEN_MASTER country/system subset
product_data/countries/iso3_SVN.json,INCLUDED,PUBLIC_OK,aggregate_country_profile,874646,15826566392d70474511c25c808fae649c7a325b11e748faf6dfd04c303f9c72,Frozen aggregate records required for interactive country/system views.,FINAL_ANALYSIS_FREEZE_20260928:RESULTATEN_MASTER country/system subset
product_data/countries/iso3_SWE.json,INCLUDED,PUBLIC_OK,aggregate_country_profile,855068,44d58d2501c1f489270e3d2eab83c6a73b332462f57f88113379a3e6f1ea22e3,Frozen aggregate records required for interactive country/system views.,FINAL_ANALYSIS_FREEZE_20260928:RESULTATEN_MASTER country/system subset
product_data/countries/iso3_THA.json,INCLUDED,PUBLIC_OK,aggregate_country_profile,673033,8122ff9313290cbcb48e3e8db8acce5cb5a2f6b5f788a2c08e0dc8c0f2483443,Frozen aggregate records required for interactive country/system views.,FINAL_ANALYSIS_FREEZE_20260928:RESULTATEN_MASTER country/system subset
product_data/countries/iso3_TTO.json,INCLUDED,PUBLIC_OK,aggregate_country_profile,112569,4fa33162a17f48890c01ed99db8e3aa6023c772c7e3b581d95d1e293f03f2e3c,Frozen aggregate records required for interactive country/system views.,FINAL_ANALYSIS_FREEZE_20260928:RESULTATEN_MASTER country/system subset
product_data/countries/iso3_TUN.json,INCLUDED,PUBLIC_OK,aggregate_country_profile,275887,da4f92da03128e811884ad77312ae6a4da6a3c97091d62e2d2e2926820568b3b,Frozen aggregate records required for interactive country/system views.,FINAL_ANALYSIS_FREEZE_20260928:RESULTATEN_MASTER country/system subset
product_data/countries/iso3_TUR.json,INCLUDED,PUBLIC_OK,aggregate_country_profile,790299,07282e16293ef8ad167be7a5b45527d6de8ae1be416cb848c04c25ceb8d5f9fa,Frozen aggregate records required for interactive country/system views.,FINAL_ANALYSIS_FREEZE_20260928:RESULTATEN_MASTER country/system subset
product_data/countries/iso3_TWN.json,INCLUDED,PUBLIC_OK,aggregate_country_profile,841659,8292d6566633d35e84ea5af1c906e81a910f0c713dc04533b0f2035a85f58d0b,Frozen aggregate records required for interactive country/system views.,FINAL_ANALYSIS_FREEZE_20260928:RESULTATEN_MASTER country/system subset
product_data/countries/iso3_UKR.json,INCLUDED,PUBLIC_OK,aggregate_country_profile,118083,d6aa7b086eb1dfa59a5612f7e64cd2c12842a413ae0853333b1c00d860e72134,Frozen aggregate records required for interactive country/system views.,FINAL_ANALYSIS_FREEZE_20260928:RESULTATEN_MASTER country/system subset
product_data/countries/iso3_URY.json,INCLUDED,PUBLIC_OK,aggregate_country_profile,558535,bd34707c84b57927f65b32d3c871ed168d0c9aecc2c64c205defd3b6ad0303f4,Frozen aggregate records required for interactive country/system views.,FINAL_ANALYSIS_FREEZE_20260928:RESULTATEN_MASTER country/system subset
product_data/countries/iso3_USA.json,INCLUDED,PUBLIC_OK,aggregate_country_profile,922399,277ab2d88efcdfb66eb15bd117641456d5a7ba476ae555d7f50030454b73e9b8,Frozen aggregate records required for interactive country/system views.,FINAL_ANALYSIS_FREEZE_20260928:RESULTATEN_MASTER country/system subset
product_data/countries/iso3_UZB.json,INCLUDED,PUBLIC_OK,aggregate_country_profile,407723,6819f51a760e8ac8d231b067044a3c1ad4dd2215d4e13460b7b52a92d8da480f,Frozen aggregate records required for interactive country/system views.,FINAL_ANALYSIS_FREEZE_20260928:RESULTATEN_MASTER country/system subset
product_data/countries/iso3_VNM.json,INCLUDED,PUBLIC_OK,aggregate_country_profile,435551,e4b416afcad137cc6b1e6d3b0db8d5ab2a5666584639877ff0a35ef6e89fc901,Frozen aggregate records required for interactive country/system views.,FINAL_ANALYSIS_FREEZE_20260928:RESULTATEN_MASTER country/system subset
product_data/countries/iso3_ZAF.json,INCLUDED,PUBLIC_OK,aggregate_country_profile,121416,bca231aab7fab837c3402d23d6a2cea3d8f7436c01ce9681c7f744f723be792d,Frozen aggregate records required for interactive country/system views.,FINAL_ANALYSIS_FREEZE_20260928:RESULTATEN_MASTER country/system subset
product_data/countries/iso3_ZMB.json,INCLUDED,PUBLIC_OK,aggregate_country_profile,312850,2e7dba9fec8e965ee0d6e21fc335af99f443c06d98595694778bf814c4f41538,Frozen aggregate records required for interactive country/system views.,FINAL_ANALYSIS_FREEZE_20260928:RESULTATEN_MASTER country/system subset
product_data/countries/system_ABU.json,INCLUDED,PUBLIC_OK,aggregate_country_profile,194472,8ee634e7d2bd25a19bbc5eb0c4a1bfe16dfbe4024772978a86f6ae408c469575,Frozen aggregate records required for interactive country/system views.,FINAL_ANALYSIS_FREEZE_20260928:RESULTATEN_MASTER country/system subset
product_data/countries/system_ARG_BUENOS_AIRES.json,INCLUDED,PUBLIC_OK,aggregate_country_profile,141531,9c8efb381af18ca2260db49d1b4ed946a0b121f65783358c0465a5cd598b2e53,Frozen aggregate records required for interactive country/system views.,FINAL_ANALYSIS_FREEZE_20260928:RESULTATEN_MASTER country/system subset
product_data/countries/system_AZE_BAKU.json,INCLUDED,PUBLIC_OK,aggregate_country_profile,99420,d2f24cb0b930ef761fd63404db3ef96961d007e9e6cf2d3bf459f9d25f09710e,Frozen aggregate records required for interactive country/system views.,FINAL_ANALYSIS_FREEZE_20260928:RESULTATEN_MASTER country/system subset
product_data/countries/system_BFL.json,INCLUDED,PUBLIC_OK,aggregate_country_profile,231427,794d44bf3af8144848379921ff5802e748b0ee00fa154bd09a6f5b3a857ff9df,Frozen aggregate records required for interactive country/system views.,FINAL_ANALYSIS_FREEZE_20260928:RESULTATEN_MASTER country/system subset
product_data/countries/system_BFR.json,INCLUDED,PUBLIC_OK,aggregate_country_profile,94112,ecf11fc11df445d425ea2119788c8f1e112c093706cbcc0886b5f0b81de54f3e,Frozen aggregate records required for interactive country/system views.,FINAL_ANALYSIS_FREEZE_20260928:RESULTATEN_MASTER country/system subset
product_data/countries/system_BSJG.json,INCLUDED,PUBLIC_OK,aggregate_country_profile,71075,060e3480397c88675376f471a1e528cb96de6133b9fca1a075f0cf811e1cbfea,Frozen aggregate records required for interactive country/system views.,FINAL_ANALYSIS_FREEZE_20260928:RESULTATEN_MASTER country/system subset
product_data/countries/system_BSJZ.json,INCLUDED,PUBLIC_OK,aggregate_country_profile,340813,5648f23e0c8bb7e2a5ee9c71d5b455f0f7185dd29e10e3a7b992460a092ebac6,Frozen aggregate records required for interactive country/system views.,FINAL_ANALYSIS_FREEZE_20260928:RESULTATEN_MASTER country/system subset
product_data/countries/system_CAN_ALBERTA.json,INCLUDED,PUBLIC_OK,aggregate_country_profile,121686,4f270749ae851c95a9b5290df1502d92f2f7cb4cca3d7ac15106f7dc42dc8ff7,Frozen aggregate records required for interactive country/system views.,FINAL_ANALYSIS_FREEZE_20260928:RESULTATEN_MASTER country/system subset
product_data/countries/system_CAN_BRITISH_COLUMBIA.json,INCLUDED,PUBLIC_OK,aggregate_country_profile,80908,84ecd5f1c8109142c2d919b69e351b72c5ee5cad21f2a517156a2a55c5a114bf,Frozen aggregate records required for interactive country/system views.,FINAL_ANALYSIS_FREEZE_20260928:RESULTATEN_MASTER country/system subset
product_data/countries/system_CAN_NEWFOUNDLAND_LABRADOR.json,INCLUDED,PUBLIC_OK,aggregate_country_profile,13158,f89ca25461a2e51b37b6ceb7fa1df050203bfc1749f72ac9cc0526932009cc49,Frozen aggregate records required for interactive country/system views.,FINAL_ANALYSIS_FREEZE_20260928:RESULTATEN_MASTER country/system subset
product_data/countries/system_CAN_NOVA_SCOTIA.json,INCLUDED,PUBLIC_OK,aggregate_country_profile,11075,754242860dba1d6ab06e5ef5b915fb2a666450dc30861c821573d05ef708b2ff,Frozen aggregate records required for interactive country/system views.,FINAL_ANALYSIS_FREEZE_20260928:RESULTATEN_MASTER country/system subset
product_data/countries/system_CHN_SHANGHAI.json,INCLUDED,PUBLIC_OK,aggregate_country_profile,49107,9748d5cb1e4a77eaf033df149545a17dd2286c958de5a96987be299ea5317e91,Frozen aggregate records required for interactive country/system views.,FINAL_ANALYSIS_FREEZE_20260928:RESULTATEN_MASTER country/system subset
product_data/countries/system_CQU.json,INCLUDED,PUBLIC_OK,aggregate_country_profile,278765,6bbbe1b799336c4e3bb25068248999d4f23df8e70cea0485873f8e42beed262a,Frozen aggregate records required for interactive country/system views.,FINAL_ANALYSIS_FREEZE_20260928:RESULTATEN_MASTER country/system subset
product_data/countries/system_DUB.json,INCLUDED,PUBLIC_OK,aggregate_country_profile,229452,000a24cb453416622d0ad9e370ac3c60ae8082a527fe40192618bf11a7804944,Frozen aggregate records required for interactive country/system views.,FINAL_ANALYSIS_FREEZE_20260928:RESULTATEN_MASTER country/system subset
product_data/countries/system_DUSHANBE_TJK.json,INCLUDED,PUBLIC_OK,aggregate_country_profile,292887,4da93d27aab7423fb3696814aa3a44b42dbe2a18a3e29551cd55b0eb23b0af3f,Frozen aggregate records required for interactive country/system views.,FINAL_ANALYSIS_FREEZE_20260928:RESULTATEN_MASTER country/system subset
product_data/countries/system_ENG.json,INCLUDED,PUBLIC_OK,aggregate_country_profile,36671,d036e43682c6f78a1280ced877bdfdd903db18cd58fef022de4ff888815725a6,Frozen aggregate records required for interactive country/system views.,FINAL_ANALYSIS_FREEZE_20260928:RESULTATEN_MASTER country/system subset
product_data/countries/system_ESP_ANDALUSIA.json,INCLUDED,PUBLIC_OK,aggregate_country_profile,16979,2e264c1facd699b240415d537de9d57104153cb19a919cb78eaf78d0457ab9fd,Frozen aggregate records required for interactive country/system views.,FINAL_ANALYSIS_FREEZE_20260928:RESULTATEN_MASTER country/system subset
product_data/countries/system_ESP_MADRID.json,INCLUDED,PUBLIC_OK,aggregate_country_profile,72396,238cf02209c96010481353376a432c2e35437a5f463ad256b20faefa9d0bcb2f,Frozen aggregate records required for interactive country/system views.,FINAL_ANALYSIS_FREEZE_20260928:RESULTATEN_MASTER country/system subset
product_data/countries/system_ESP_REGIONS.json,INCLUDED,PUBLIC_OK,aggregate_country_profile,71195,e17af3f3bb29cdee85c0f4d38a9c532aff3fd838c36b4d6b354f90844185a53f,Frozen aggregate records required for interactive country/system views.,FINAL_ANALYSIS_FREEZE_20260928:RESULTATEN_MASTER country/system subset
product_data/countries/system_GBR_ENGLAND.json,INCLUDED,PUBLIC_OK,aggregate_country_profile,276603,8aad0213790bdecb6554aaa38374f491f2d9e41c5c43d29bdf7536bcdd67b311,Frozen aggregate records required for interactive country/system views.,FINAL_ANALYSIS_FREEZE_20260928:RESULTATEN_MASTER country/system subset
product_data/countries/system_GBR_NORTHERN_IRELAND.json,INCLUDED,PUBLIC_OK,aggregate_country_profile,133730,17801ab0dd9bf415a3931fb092b5e690949c05ef305f3d8ce91b7e8fc3e32955,Frozen aggregate records required for interactive country/system views.,FINAL_ANALYSIS_FREEZE_20260928:RESULTATEN_MASTER country/system subset
product_data/countries/system_GBR_SCOTLAND.json,INCLUDED,PUBLIC_OK,aggregate_country_profile,148736,c70c8ea0f56b412accbebc6e0bd15125f757cf3b325b65e7f3ca9f265ad8894b,Frozen aggregate records required for interactive country/system views.,FINAL_ANALYSIS_FREEZE_20260928:RESULTATEN_MASTER country/system subset
product_data/countries/system_HKG.json,INCLUDED,PUBLIC_OK,aggregate_country_profile,931550,5c4ae5ee6f581828d88fb8395202a34fcef6a04ceb30557f348b3f517572451b,Frozen aggregate records required for interactive country/system views.,FINAL_ANALYSIS_FREEZE_20260928:RESULTATEN_MASTER country/system subset
product_data/countries/system_KRI_IRQ.json,INCLUDED,PUBLIC_OK,aggregate_country_profile,291769,f73fd843bef7e14a615a5ad27d1d1565219839af53fc69437c3fbd21d265f5f0,Frozen aggregate records required for interactive country/system views.,FINAL_ANALYSIS_FREEZE_20260928:RESULTATEN_MASTER country/system subset
product_data/countries/system_MAC.json,INCLUDED,PUBLIC_OK,aggregate_country_profile,669213,6a65a707bdaced8eddb80657dbee5262c4065e0e2c491349c4e2396cb39e4d11,Frozen aggregate records required for interactive country/system views.,FINAL_ANALYSIS_FREEZE_20260928:RESULTATEN_MASTER country/system subset
product_data/countries/system_NIR.json,INCLUDED,PUBLIC_OK,aggregate_country_profile,25398,0979b6beba4f42d727150bbc78ac7a8ed49d7e5c66990ee38244bb5b69920eaf,Frozen aggregate records required for interactive country/system views.,FINAL_ANALYSIS_FREEZE_20260928:RESULTATEN_MASTER country/system subset
product_data/countries/system_ONT.json,INCLUDED,PUBLIC_OK,aggregate_country_profile,269054,42b32e16e97f152bcf2ba7aed03dca9126726cf6ebf741cd65fdf88591ada21e,Frozen aggregate records required for interactive country/system views.,FINAL_ANALYSIS_FREEZE_20260928:RESULTATEN_MASTER country/system subset
product_data/countries/system_PAL.json,INCLUDED,PUBLIC_OK,aggregate_country_profile,357026,134e7ad644160036693ddf3205cf4ce430c3458802d6f2169d5ebee9767965ba,Frozen aggregate records required for interactive country/system views.,FINAL_ANALYSIS_FREEZE_20260928:RESULTATEN_MASTER country/system subset
product_data/countries/system_RUS_MOSCOW.json,INCLUDED,PUBLIC_OK,aggregate_country_profile,137071,d511b6329a410533b39059afc0c7e958e658372de0f12d6b23d005005fcf0795,Frozen aggregate records required for interactive country/system views.,FINAL_ANALYSIS_FREEZE_20260928:RESULTATEN_MASTER country/system subset
product_data/countries/system_RUS_PERM.json,INCLUDED,PUBLIC_OK,aggregate_country_profile,49901,d3b917f44f956a2f6b0e98f092d31219d77dde130ca84b7cd943afca2af6cde4,Frozen aggregate records required for interactive country/system views.,FINAL_ANALYSIS_FREEZE_20260928:RESULTATEN_MASTER country/system subset
product_data/countries/system_RUS_TATARSTAN.json,INCLUDED,PUBLIC_OK,aggregate_country_profile,59313,8d9d2c30781b0838163e6d686a2c8f0d2d2ae0e3e9457cb14ef6ddc1938f2041,Frozen aggregate records required for interactive country/system views.,FINAL_ANALYSIS_FREEZE_20260928:RESULTATEN_MASTER country/system subset
product_data/countries/system_UKR17.json,INCLUDED,PUBLIC_OK,aggregate_country_profile,316271,740ae9b57076c9fb6e23757246ed1d1111cd7d2348f5dde5158a9aa8e268aeb7,Frozen aggregate records required for interactive country/system views.,FINAL_ANALYSIS_FREEZE_20260928:RESULTATEN_MASTER country/system subset
product_data/countries/system_UKR18.json,INCLUDED,PUBLIC_OK,aggregate_country_profile,71948,705e226756cd532dfec0f1885e47ed7efc31c71c0d53f36425404b7b384ab6f9,Frozen aggregate records required for interactive country/system views.,FINAL_ANALYSIS_FREEZE_20260928:RESULTATEN_MASTER country/system subset
product_data/countries/system_UNRESOLVED_PISA_2003_YUG.json,INCLUDED,PUBLIC_OK,aggregate_country_profile,23953,65098987d0f12066a047b62aba101b1fedaf841ac4ca537fdd03aa04370fadf4,Frozen aggregate records required for interactive country/system views.,FINAL_ANALYSIS_FREEZE_20260928:RESULTATEN_MASTER country/system subset
product_data/countries/system_UNRESOLVED_PISA_2009_QCN.json,INCLUDED,PUBLIC_OK,aggregate_country_profile,43429,67ac1c531072fcdf2f19d5e55a875d8c3d432c3ef4b5d2c4a2c1c8f178e6789d,Frozen aggregate records required for interactive country/system views.,FINAL_ANALYSIS_FREEZE_20260928:RESULTATEN_MASTER country/system subset
product_data/countries/system_UNRESOLVED_PISA_2009_QHP.json,INCLUDED,PUBLIC_OK,aggregate_country_profile,43015,3a4f2fed7d418b4836242579af5d137976fef46ba5d5c34a169f3b7912f4048c,Frozen aggregate records required for interactive country/system views.,FINAL_ANALYSIS_FREEZE_20260928:RESULTATEN_MASTER country/system subset
product_data/countries/system_UNRESOLVED_PISA_2009_QTN.json,INCLUDED,PUBLIC_OK,aggregate_country_profile,43211,112dc76918d64c333cbfbc498ef4d363926476bd52a34d06927eac2291381aed,Frozen aggregate records required for interactive country/system views.,FINAL_ANALYSIS_FREEZE_20260928:RESULTATEN_MASTER country/system subset
product_data/countries/system_UNRESOLVED_PISA_2009_QVE.json,INCLUDED,PUBLIC_OK,aggregate_country_profile,43386,60d34a968447b2b7eaaefc9e11bcd01abc50ef33907b70623f7940051c8e4989,Frozen aggregate records required for interactive country/system views.,FINAL_ANALYSIS_FREEZE_20260928:RESULTATEN_MASTER country/system subset
product_data/countries/system_UNRESOLVED_PISA_2009_TAP.json,INCLUDED,PUBLIC_OK,aggregate_country_profile,43868,a8ffe3805d742c776a957fbc4e85b146a0f8d0e0a13e50b5b84642db37b8a860,Frozen aggregate records required for interactive country/system views.,FINAL_ANALYSIS_FREEZE_20260928:RESULTATEN_MASTER country/system subset
product_data/countries/system_UNRESOLVED_PISA_2015_KSV.json,INCLUDED,PUBLIC_OK,aggregate_country_profile,61612,988dbeb2c504a1399c6ce9b4a8b876b3045ee4c04345ba21a482f20cd6129bc5,Frozen aggregate records required for interactive country/system views.,FINAL_ANALYSIS_FREEZE_20260928:RESULTATEN_MASTER country/system subset
product_data/countries/system_UNRESOLVED_PISA_2018_KSV.json,INCLUDED,PUBLIC_OK,aggregate_country_profile,52840,b4d816f603d5b3672b71bb2fa7dc6cc8b100fcfb90a16647e159d9690cca5c32,Frozen aggregate records required for interactive country/system views.,FINAL_ANALYSIS_FREEZE_20260928:RESULTATEN_MASTER country/system subset
product_data/countries/system_UNRESOLVED_PISA_2022_KSV.json,INCLUDED,PUBLIC_OK,aggregate_country_profile,62566,d94bcfb7c9f935740e5a95f4eece9bbe7f387f4b76526a81d3274890d876a455,Frozen aggregate records required for interactive country/system views.,FINAL_ANALYSIS_FREEZE_20260928:RESULTATEN_MASTER country/system subset
product_data/countries/system_UNRESOLVED_PISA_2025_KSV.json,INCLUDED,PUBLIC_OK,aggregate_country_profile,62185,49f157fb57eb3bbc1f74c312e49d224e0c994db6ba6620f6af64ab5966623408,Frozen aggregate records required for interactive country/system views.,FINAL_ANALYSIS_FREEZE_20260928:RESULTATEN_MASTER country/system subset
product_data/countries/system_UNRESOLVED_TIMSS_2003_UIN.json,INCLUDED,PUBLIC_OK,aggregate_country_profile,62557,de122ad279627bed976e1bd3f42a757d1a434fabfbdcf7b352630c567bd9ba21,Frozen aggregate records required for interactive country/system views.,FINAL_ANALYSIS_FREEZE_20260928:RESULTATEN_MASTER country/system subset
product_data/countries/system_UNRESOLVED_TIMSS_2003_YEM.json,INCLUDED,PUBLIC_OK,aggregate_country_profile,61955,02ab05bd65f5f295e9d166df0a7fe92225e5c7f7f0500e28ce53cd579d57a192,Frozen aggregate records required for interactive country/system views.,FINAL_ANALYSIS_FREEZE_20260928:RESULTATEN_MASTER country/system subset
product_data/countries/system_UNRESOLVED_TIMSS_2007_UMA.json,INCLUDED,PUBLIC_OK,aggregate_country_profile,62407,3ec6318d7d35e8d31186a1615b54c88a51d91a23ce3896fb448e086678fe474e,Frozen aggregate records required for interactive country/system views.,FINAL_ANALYSIS_FREEZE_20260928:RESULTATEN_MASTER country/system subset
product_data/countries/system_UNRESOLVED_TIMSS_2007_UMN.json,INCLUDED,PUBLIC_OK,aggregate_country_profile,62385,d2956977850081fb1b6dfcc115e442aa6bbcac71d1afcd3ccfe0a883e3665f5e,Frozen aggregate records required for interactive country/system views.,FINAL_ANALYSIS_FREEZE_20260928:RESULTATEN_MASTER country/system subset
product_data/countries/system_UNRESOLVED_TIMSS_2007_YEM.json,INCLUDED,PUBLIC_OK,aggregate_country_profile,59701,be143f0b6aa00753eaf5b41d260d1d2e6754599a2e0e6acae34d3a54f90ee107,Frozen aggregate records required for interactive country/system views.,FINAL_ANALYSIS_FREEZE_20260928:RESULTATEN_MASTER country/system subset
product_data/countries/system_UNRESOLVED_TIMSS_2011_BWA.json,INCLUDED,PUBLIC_OK,aggregate_country_profile,62409,27d878cf2b0f3a4611a727a373dcb8f5398251b06e41bdfe890ee0d07daaba2e,Frozen aggregate records required for interactive country/system views.,FINAL_ANALYSIS_FREEZE_20260928:RESULTATEN_MASTER country/system subset
product_data/countries/system_UNRESOLVED_TIMSS_2011_HND.json,INCLUDED,PUBLIC_OK,aggregate_country_profile,62443,f700fb23a73799089b8a523e142778ed09da589141a6eeb187673c04844e94ff,Frozen aggregate records required for interactive country/system views.,FINAL_ANALYSIS_FREEZE_20260928:RESULTATEN_MASTER country/system subset
product_data/countries/system_UNRESOLVED_TIMSS_2011_YE6.json,INCLUDED,PUBLIC_OK,aggregate_country_profile,62681,27e8a327b13e2745b88a675cf881d74ef3e714d8c0abf071274426798abef845,Frozen aggregate records required for interactive country/system views.,FINAL_ANALYSIS_FREEZE_20260928:RESULTATEN_MASTER country/system subset
product_data/countries/system_UNRESOLVED_TIMSS_2011_YEM.json,INCLUDED,PUBLIC_OK,aggregate_country_profile,62384,51a42a86eebcf439b5f8d97770598aeed3fdc568ef46e513a678bb647871a6cd,Frozen aggregate records required for interactive country/system views.,FINAL_ANALYSIS_FREEZE_20260928:RESULTATEN_MASTER country/system subset
product_data/countries/system_UNRESOLVED_TIMSS_2015_NO4.json,INCLUDED,PUBLIC_OK,aggregate_country_profile,62652,03e38a4bf10089621364bf9206aa5052e04ba0f9ba5c5557ecc88ebeaff60704,Frozen aggregate records required for interactive country/system views.,FINAL_ANALYSIS_FREEZE_20260928:RESULTATEN_MASTER country/system subset
product_data/countries/system_UNRESOLVED_TIMSS_2019_PAK.json,INCLUDED,PUBLIC_OK,aggregate_country_profile,62552,9946514e9dfbe3994e0329ef6476dcbc3f8355fb25dd199f4bbe6fd5b5c532c5,Frozen aggregate records required for interactive country/system views.,FINAL_ANALYSIS_FREEZE_20260928:RESULTATEN_MASTER country/system subset
product_data/countries/system_UNRESOLVED_TIMSS_2023_ASH.json,INCLUDED,PUBLIC_OK,aggregate_country_profile,62699,453737349245a9f9ea85abb9fd8602f6b0081f4806410daecff551fbff3ee46f,Frozen aggregate records required for interactive country/system views.,FINAL_ANALYSIS_FREEZE_20260928:RESULTATEN_MASTER country/system subset
product_data/countries/system_USA_MASSACHUSETTS.json,INCLUDED,PUBLIC_OK,aggregate_country_profile,69038,d5a63c9d11c39529315f36c4bb3249ba043b6815e820c759c7b14d1c3fd061db,Frozen aggregate records required for interactive country/system views.,FINAL_ANALYSIS_FREEZE_20260928:RESULTATEN_MASTER country/system subset
product_data/countries/system_USA_NORTH_CAROLINA.json,INCLUDED,PUBLIC_OK,aggregate_country_profile,69033,a485311a84fd923c97b4a5819de9a19823ca167318dfc868bb933ecf473ff9f4,Frozen aggregate records required for interactive country/system views.,FINAL_ANALYSIS_FREEZE_20260928:RESULTATEN_MASTER country/system subset
product_data/countries/system_USA_PUERTO_RICO.json,INCLUDED,PUBLIC_OK,aggregate_country_profile,66245,1b3cdfbe42963ccc67f1b8735a8f3eb21468a8c1cc5e5fff4b07320609e037ed,Frozen aggregate records required for interactive country/system views.,FINAL_ANALYSIS_FREEZE_20260928:RESULTATEN_MASTER country/system subset
product_data/countries/system_XKX.json,INCLUDED,PUBLIC_OK,aggregate_country_profile,132767,8f4aa410c0f2d6f4fdb2665285d0fed7c09e99dbf84612a57568a59b4e9a9de4,Frozen aggregate records required for interactive country/system views.,FINAL_ANALYSIS_FREEZE_20260928:RESULTATEN_MASTER country/system subset
product_data/curated.json,INCLUDED,PUBLIC_OK,curated_product_mapping,2194294,c8c902d0f3f35f2db1365052f978381e698c7d33a217c58ddd0ce6b42bab557a,Frozen product/figure mapping used by public presentation.,FINAL_PROJECT_PRODUCTS_HANDOFF:figure/presentation registers
product_data/institutions.json,INCLUDED,PUBLIC_OK,public_runtime_asset,20807,ac9e1f4e14ef84602d7eabf36afccefcba6705e59cdf46f4e209ed96fe2ac744,Frozen public runtime asset.,FINAL_DASHBOARD_RELEASE_20260928
product_data/metadata.json,INCLUDED,PUBLIC_OK,methods_panels_sources_metadata,1281512,e2aebe623581b5b1273b334954e250da4475b4a69a63bdbd9c9a002017a6f72e,"Frozen panel N/membership, source and methods metadata required for interpretation.",FINAL_ANALYSIS_FREEZE_20260928:panel/source registers
product_data/quality.json,INCLUDED,PUBLIC_OK,aggregate_quality_metadata,2092411,66a7b61daee2d6ec5893ed8dad700df0b13a1a3b5212f53b191fda6bc42be1ff,Frozen aggregate quality and representativeness metadata.,FINAL_ANALYSIS_FREEZE_20260928:quality/representativeness registers
product_data/ranks.json,INCLUDED,PUBLIC_OK,precomputed_ranks,6681251,a5d9ca96b306f7598166f8f4d269430bd3d8b6066854d0f057741ba80654d996,Frozen precomputed ranks; browser never recalculates ranks.,FINAL_ANALYSIS_FREEZE_20260928:panel/rank release
product_figures/G02.svg,INCLUDED,PUBLIC_OK,project_authored_vector_figure,26623,fb0461031d3000071aa17f17479a95db7180ab8cadb48a294df2cde5181619c6,Project-authored vector figure based on frozen aggregates.,FINAL_PROJECT_PRODUCTS_HANDOFF:figure release
product_figures/G02_data.csv,INCLUDED,PUBLIC_OK,figure_level_aggregate_data,1532,9132ffabca2ae22fc921598841aa28971da9fd548bbe5586e326de1fff2b151c,Small aggregate data file directly supporting a project-authored figure.,FINAL_PROJECT_PRODUCTS_HANDOFF:figure data map
product_figures/G03.svg,INCLUDED,PUBLIC_OK,project_authored_vector_figure,12563,019e2c95a8c346d18cc160d1ac5f6866c7003f34fbec4de548b78f82a3113ffe,Project-authored vector figure based on frozen aggregates.,FINAL_PROJECT_PRODUCTS_HANDOFF:figure release
product_figures/G03_data.csv,INCLUDED,PUBLIC_OK,figure_level_aggregate_data,859,07cc46a117ab316dd73faf5ac16a6e6b953b174573b4a2d1f5fd9a63b1cbf638,Small aggregate data file directly supporting a project-authored figure.,FINAL_PROJECT_PRODUCTS_HANDOFF:figure data map
product_figures/G04.svg,INCLUDED,PUBLIC_OK,project_authored_vector_figure,11584,036835ef73edbb019c31cca36551da9e45997a67b1f31f51cb92e99bccc6895e,Project-authored vector figure based on frozen aggregates.,FINAL_PROJECT_PRODUCTS_HANDOFF:figure release
product_figures/G04_data.csv,INCLUDED,PUBLIC_OK,figure_level_aggregate_data,261,f1cb63e3a10d43e2b7584f4ead31c7ea3986785762fcef1c30473cdfd362d6ef,Small aggregate data file directly supporting a project-authored figure.,FINAL_PROJECT_PRODUCTS_HANDOFF:figure data map
product_figures/G05.svg,INCLUDED,PUBLIC_OK,project_authored_vector_figure,23035,1b32122033f6fdef26f23590c64275b2f77bf7bc3653d1e280b555a9547831eb,Project-authored vector figure based on frozen aggregates.,FINAL_PROJECT_PRODUCTS_HANDOFF:figure release
product_figures/G05_data.csv,INCLUDED,PUBLIC_OK,figure_level_aggregate_data,1025,849a139d56599eab4142dc00cf9da0473aeb31443fd56f1fe7017919cf12462d,Small aggregate data file directly supporting a project-authored figure.,FINAL_PROJECT_PRODUCTS_HANDOFF:figure data map
product_figures/G06.svg,INCLUDED,PUBLIC_OK,project_authored_vector_figure,13034,900b92cc29c491685935e53c55a50dcfc18d3cd0cecc3993ebff3742065cc603,Project-authored vector figure based on frozen aggregates.,FINAL_PROJECT_PRODUCTS_HANDOFF:figure release
product_figures/G06_data.csv,INCLUDED,PUBLIC_OK,figure_level_aggregate_data,752,42d8776258a38f76529a1696904bbf47ea5775ca246c305fc0d86d49ae3c55e5,Small aggregate data file directly supporting a project-authored figure.,FINAL_PROJECT_PRODUCTS_HANDOFF:figure data map
product_figures/G07.svg,INCLUDED,PUBLIC_OK,project_authored_vector_figure,12741,62943f23bf857577e4575ecbd762bfe41aa888e6914352ea73b3e6eaccbd3ae3,Project-authored vector figure based on frozen aggregates.,FINAL_PROJECT_PRODUCTS_HANDOFF:figure release
product_figures/G07_data.csv,INCLUDED,PUBLIC_OK,figure_level_aggregate_data,899,b7b21ab95e2c52048b708f40d8fb34c7b88f0c15e28e96fab7447d0a5e70c887,Small aggregate data file directly supporting a project-authored figure.,FINAL_PROJECT_PRODUCTS_HANDOFF:figure data map
product_figures/G08.svg,INCLUDED,PUBLIC_OK,project_authored_vector_figure,13858,c5f01b459e21bc74cebc7f066ce2e889b6c067c9b3c62f104791bbcfa8de5fe7,Project-authored vector figure based on frozen aggregates.,FINAL_PROJECT_PRODUCTS_HANDOFF:figure release
product_figures/G08_data.csv,INCLUDED,PUBLIC_OK,figure_level_aggregate_data,854,65258e92d32a9ef12447a08b8374852da71a8e5dc53af37d0b2f00eea0ec46cf,Small aggregate data file directly supporting a project-authored figure.,FINAL_PROJECT_PRODUCTS_HANDOFF:figure data map
product_figures/G09.svg,INCLUDED,PUBLIC_OK,project_authored_vector_figure,15713,c0d616bb34ff11b1dd6e2b0967c399a15ccfe22f4d5ff29681ae3b07c9999593,Project-authored vector figure based on frozen aggregates.,FINAL_PROJECT_PRODUCTS_HANDOFF:figure release
product_figures/G09_data.csv,INCLUDED,PUBLIC_OK,figure_level_aggregate_data,1078,0ab1d2e046979a06c02bff4b6ee20901db2c2c17fcdc8f53de3e6c132fb3e5f3,Small aggregate data file directly supporting a project-authored figure.,FINAL_PROJECT_PRODUCTS_HANDOFF:figure data map
product_figures/G10.svg,INCLUDED,PUBLIC_OK,project_authored_vector_figure,9700,84744a3daff79cc6d81fce6297ac798e68e433fbe677acf750d893740b61086a,Project-authored vector figure based on frozen aggregates.,FINAL_PROJECT_PRODUCTS_HANDOFF:figure release
product_figures/G10_data.csv,INCLUDED,PUBLIC_OK,figure_level_aggregate_data,306,65b2e4d33da5677781b2c8d2752f46ece78c24db0464360709a4cd64a6c2f27b,Small aggregate data file directly supporting a project-authored figure.,FINAL_PROJECT_PRODUCTS_HANDOFF:figure data map
product_figures/G11.svg,INCLUDED,PUBLIC_OK,project_authored_vector_figure,9174,45b1f7f1f4bb23cb75518b176940151a52f93de71690cc838dfa941ef9469856,Project-authored vector figure based on frozen aggregates.,FINAL_PROJECT_PRODUCTS_HANDOFF:figure release
product_figures/G11_data.csv,INCLUDED,PUBLIC_OK,figure_level_aggregate_data,231,358c4f3024099c7563dabc9685ae653329f8550063fcdf956b301ee023e95716,Small aggregate data file directly supporting a project-authored figure.,FINAL_PROJECT_PRODUCTS_HANDOFF:figure data map
product_figures/G12.svg,INCLUDED,PUBLIC_OK,project_authored_vector_figure,15094,d9606b9e82b05340e9fc1c55ee2e6b8e6914ae97cc0ad67de277218807a7df55,Project-authored vector figure based on frozen aggregates.,FINAL_PROJECT_PRODUCTS_HANDOFF:figure release
product_figures/G12_data.csv,INCLUDED,PUBLIC_OK,figure_level_aggregate_data,909,9d8c99c7d9cfafba38c16052bbe3ae10548c81b1e703bc6305c984c17cf1e93f,Small aggregate data file directly supporting a project-authored figure.,FINAL_PROJECT_PRODUCTS_HANDOFF:figure data map
product_figures/G13.svg,INCLUDED,PUBLIC_OK,project_authored_vector_figure,11345,7e83dfeca6885d8d54adcdd87d0c21e9401d6af3c31147aaa33b1f3e536df99a,Project-authored vector figure based on frozen aggregates.,FINAL_PROJECT_PRODUCTS_HANDOFF:figure release
product_figures/G13_data.csv,INCLUDED,PUBLIC_OK,figure_level_aggregate_data,271,d638e5ac60174570177ff092cbe11c026bcd6e47cc56918f77cf567298544e43,Small aggregate data file directly supporting a project-authored figure.,FINAL_PROJECT_PRODUCTS_HANDOFF:figure data map
product_figures/G14.svg,INCLUDED,PUBLIC_OK,project_authored_vector_figure,17013,e602c7477f2c9b5b9974c6d13bb5bdebbc3005c33dcc8f5502e8bd84dd827c3e,Project-authored vector figure based on frozen aggregates.,FINAL_PROJECT_PRODUCTS_HANDOFF:figure release
product_figures/G14_data.csv,INCLUDED,PUBLIC_OK,figure_level_aggregate_data,403,b4e67fdda873459cf1a31ee15d32fb0a44d1af8b7ffa3eb0f816050fe73e64ca,Small aggregate data file directly supporting a project-authored figure.,FINAL_PROJECT_PRODUCTS_HANDOFF:figure data map
product_figures/G15.svg,INCLUDED,PUBLIC_OK,project_authored_vector_figure,17959,1fad2c0486fb53a746e4affe31373437ce44f2000bd009763224b33e3ef2bdf4,Project-authored vector figure based on frozen aggregates.,FINAL_PROJECT_PRODUCTS_HANDOFF:figure release
product_figures/G15_data.csv,INCLUDED,PUBLIC_OK,figure_level_aggregate_data,488,fe042d96cf2067774264fbf8f687bf8790967e5866e4e561fc4752146c579267,Small aggregate data file directly supporting a project-authored figure.,FINAL_PROJECT_PRODUCTS_HANDOFF:figure data map
product_figures/G16.svg,INCLUDED,PUBLIC_OK,project_authored_vector_figure,13213,3e1168e5b592679edfc02cd8d9ec31bbb6186a6278284c9d20b16aaf7aaaa2a0,Project-authored vector figure based on frozen aggregates.,FINAL_PROJECT_PRODUCTS_HANDOFF:figure release
product_figures/G16_data.csv,INCLUDED,PUBLIC_OK,figure_level_aggregate_data,272,77ecef898c1fc725b993de20693f8cca88a1684ce9db35cba8f3377d267331b1,Small aggregate data file directly supporting a project-authored figure.,FINAL_PROJECT_PRODUCTS_HANDOFF:figure data map
product_figures/G18.svg,INCLUDED,PUBLIC_OK,project_authored_vector_figure,20834,a8ec8701d9dc19e8c81593638cf0e519651e58c5c4b9e1e9785e74a9b902c9dc,Project-authored vector figure based on frozen aggregates.,FINAL_PROJECT_PRODUCTS_HANDOFF:figure release
product_figures/G18_data.csv,INCLUDED,PUBLIC_OK,figure_level_aggregate_data,1517,d56205e370553bd8c70fd71ea9136b7c5720958d966a3f423ab4f7e30256dd3f,Small aggregate data file directly supporting a project-authored figure.,FINAL_PROJECT_PRODUCTS_HANDOFF:figure data map
product_figures/G19.svg,INCLUDED,PUBLIC_OK,project_authored_vector_figure,9530,76ad7a2d6c30295f9c840c335d75baf13f749be32a8b18536bba4db67c6ecc6c,Project-authored vector figure based on frozen aggregates.,FINAL_PROJECT_PRODUCTS_HANDOFF:figure release
product_figures/G19_data.csv,INCLUDED,PUBLIC_OK,figure_level_aggregate_data,261,ebdec5bd16cbb6bed58732aad40ef93ad44ae989cd2d090791d036cf0d320595,Small aggregate data file directly supporting a project-authored figure.,FINAL_PROJECT_PRODUCTS_HANDOFF:figure data map
product_figures/G21.svg,INCLUDED,PUBLIC_OK,project_authored_vector_figure,9342,299b7bdebae6d4046f56d8ebadca4ab4aa43538518fb0118052e7da612d85850,Project-authored vector figure based on frozen aggregates.,FINAL_PROJECT_PRODUCTS_HANDOFF:figure release
product_figures/G21_data.csv,INCLUDED,PUBLIC_OK,figure_level_aggregate_data,284,1c8ef22c1a52d2f3cf03430e46e7846e9ab2aa4948e71de3d8af46aeb6724547,Small aggregate data file directly supporting a project-authored figure.,FINAL_PROJECT_PRODUCTS_HANDOFF:figure data map
product_figures/G22.svg,INCLUDED,PUBLIC_OK,project_authored_vector_figure,9543,2e722635f2cce17c42f508aa68b0779e497ca81ee95f7b0e757c0ccd20c4308e,Project-authored vector figure based on frozen aggregates.,FINAL_PROJECT_PRODUCTS_HANDOFF:figure release
product_figures/G22_data.csv,INCLUDED,PUBLIC_OK,figure_level_aggregate_data,265,c54fa2fc5f43ce3feebae378ef2b0385514c8d82b379055b5362f8769cf05d90,Small aggregate data file directly supporting a project-authored figure.,FINAL_PROJECT_PRODUCTS_HANDOFF:figure data map
product_figures/G23.svg,INCLUDED,PUBLIC_OK,project_authored_vector_figure,11659,51de782a9e5bdb8a22317dcbc11387862113edd0db4580f5c4951227fe3a6bbe,Project-authored vector figure based on frozen aggregates.,FINAL_PROJECT_PRODUCTS_HANDOFF:figure release
product_figures/G23_data.csv,INCLUDED,PUBLIC_OK,figure_level_aggregate_data,328,ed56cff12243242493e7459d34037c5f522bc627fc4bd26c13bdc6ce6e882ed0,Small aggregate data file directly supporting a project-authored figure.,FINAL_PROJECT_PRODUCTS_HANDOFF:figure data map
product_figures/G24.svg,INCLUDED,PUBLIC_OK,project_authored_vector_figure,7551,2c0867861fa917f30106b25c6c64431b892c91f3cb75a8a8819222976a587abd,Project-authored vector figure based on frozen aggregates.,FINAL_PROJECT_PRODUCTS_HANDOFF:figure release
product_figures/G24_data.csv,INCLUDED,PUBLIC_OK,figure_level_aggregate_data,197,7a7100c627730457b502542f9601d9c758ae68c722c4011e594a38267d0649f0,Small aggregate data file directly supporting a project-authored figure.,FINAL_PROJECT_PRODUCTS_HANDOFF:figure data map
product_figures/G25.svg,INCLUDED,PUBLIC_OK,project_authored_vector_figure,11287,84f50201edfb7a8e0f7d4b06722d4ae104ccc0678fefb87beb62f7bca15fa94e,Project-authored vector figure based on frozen aggregates.,FINAL_PROJECT_PRODUCTS_HANDOFF:figure release
product_figures/G25_data.csv,INCLUDED,PUBLIC_OK,figure_level_aggregate_data,290,6287391a79081d3d752270097210a54878ba306af885ff48fe66b7c1f2eb140e,Small aggregate data file directly supporting a project-authored figure.,FINAL_PROJECT_PRODUCTS_HANDOFF:figure data map
product_figures/G26.svg,INCLUDED,PUBLIC_OK,project_authored_vector_figure,9426,c617f9ee5b1d64b43037e5c21937d31fd75c98aad4a869b9a22dfcaeeeb4220e,Project-authored vector figure based on frozen aggregates.,FINAL_PROJECT_PRODUCTS_HANDOFF:figure release
product_figures/G26_data.csv,INCLUDED,PUBLIC_OK,figure_level_aggregate_data,278,77a967bf6a283d1a9e0a6b9aff333ca8d20fe1fd04c565f86152dc8166c38945,Small aggregate data file directly supporting a project-authored figure.,FINAL_PROJECT_PRODUCTS_HANDOFF:figure data map
product_figures/G27.svg,INCLUDED,PUBLIC_OK,project_authored_vector_figure,11556,627278e14fa800b5d56fddfb68c829271383e88fd8cd9484a373dd95de33c972,Project-authored vector figure based on frozen aggregates.,FINAL_PROJECT_PRODUCTS_HANDOFF:figure release
product_figures/G27_data.csv,INCLUDED,PUBLIC_OK,figure_level_aggregate_data,313,f9f16808082d5dde4c529498664d364b2411ce94b25c425ea9f6705da89f81bc,Small aggregate data file directly supporting a project-authored figure.,FINAL_PROJECT_PRODUCTS_HANDOFF:figure data map
product_figures/G28.svg,INCLUDED,PUBLIC_OK,project_authored_vector_figure,7847,cd70301d8a4bcc7b7479a50b6c10826dafc024c4d7cd455155cf0e433e95f04e,Project-authored vector figure based on frozen aggregates.,FINAL_PROJECT_PRODUCTS_HANDOFF:figure release
product_figures/G28_data.csv,INCLUDED,PUBLIC_OK,figure_level_aggregate_data,195,4eb76e494f8b30ae73816506a868efe5d7d4fd43d715418f3786e6c8a052c5fc,Small aggregate data file directly supporting a project-authored figure.,FINAL_PROJECT_PRODUCTS_HANDOFF:figure data map
product_figures/G29.svg,INCLUDED,PUBLIC_OK,project_authored_vector_figure,9604,77c26eb58a6e27888b8eaac11b4496e5458f5a9cafb357c76ffb15c6ef0800c7,Project-authored vector figure based on frozen aggregates.,FINAL_PROJECT_PRODUCTS_HANDOFF:figure release
product_figures/G29_data.csv,INCLUDED,PUBLIC_OK,figure_level_aggregate_data,260,4ae741b28812bb72a953f471af8217a01df10ae1f2c2bdbb008cafd23b950bb3,Small aggregate data file directly supporting a project-authored figure.,FINAL_PROJECT_PRODUCTS_HANDOFF:figure data map
product_figures/G30.svg,INCLUDED,PUBLIC_OK,project_authored_vector_figure,9473,71df2988353f0b3c46cf088a2494f3ec862963dfff55be851a210f21b462e82e,Project-authored vector figure based on frozen aggregates.,FINAL_PROJECT_PRODUCTS_HANDOFF:figure release
product_figures/G30_data.csv,INCLUDED,PUBLIC_OK,figure_level_aggregate_data,202,3d30900555e03ce1338a559eac85800b122b8c216d249dc06759f3779350c40a,Small aggregate data file directly supporting a project-authored figure.,FINAL_PROJECT_PRODUCTS_HANDOFF:figure data map
product_figures/G31.svg,INCLUDED,PUBLIC_OK,project_authored_vector_figure,17621,8ad1389796896b2aff0271ef078761cfd70c66c6ec6e09219d31cae2e53ad6e8,Project-authored vector figure based on frozen aggregates.,FINAL_PROJECT_PRODUCTS_HANDOFF:figure release
product_figures/G31_data.csv,INCLUDED,PUBLIC_OK,figure_level_aggregate_data,416,52b1100cde64e6954a115b8e16f4a7970a12308c44c6e558a710842d4d9bb40e,Small aggregate data file directly supporting a project-authored figure.,FINAL_PROJECT_PRODUCTS_HANDOFF:figure data map
product_figures/G32.svg,INCLUDED,PUBLIC_OK,project_authored_vector_figure,7938,21ea421dbad482acb9b2926efccb152a0936825371783fee3044c2039fb44dc7,Project-authored vector figure based on frozen aggregates.,FINAL_PROJECT_PRODUCTS_HANDOFF:figure release
product_figures/G32_data.csv,INCLUDED,PUBLIC_OK,figure_level_aggregate_data,251,ad7ad495cf2bfa93c8a452fcbb1d736eeb854fc68c4eb4813d40fe2e5ac6c38b,Small aggregate data file directly supporting a project-authored figure.,FINAL_PROJECT_PRODUCTS_HANDOFF:figure data map
product_figures/G36.svg,INCLUDED,PUBLIC_OK,project_authored_vector_figure,11955,0c9386ef62f04fc0b78f0ec798b4a34e645ccfab16c18a776646393c9b644697,Project-authored vector figure based on frozen aggregates.,FINAL_PROJECT_PRODUCTS_HANDOFF:figure release
product_figures/G36_data.csv,INCLUDED,PUBLIC_OK,figure_level_aggregate_data,695,34c03619dc6b0af0dc9d75b3e454f29b99226d9ce66051a411316e857f5156a9,Small aggregate data file directly supporting a project-authored figure.,FINAL_PROJECT_PRODUCTS_HANDOFF:figure data map
product_figures/G37.svg,INCLUDED,PUBLIC_OK,project_authored_vector_figure,7886,0fea836962943f033733b90fdc6da1c9fdcded8dd9c9ef39881c82699091ba38,Project-authored vector figure based on frozen aggregates.,FINAL_PROJECT_PRODUCTS_HANDOFF:figure release
product_figures/G37_data.csv,INCLUDED,PUBLIC_OK,figure_level_aggregate_data,246,c9fb0bff02dcbee0b8ad0f704fd29a73df068d786e5611355cf6db37758c3cc6,Small aggregate data file directly supporting a project-authored figure.,FINAL_PROJECT_PRODUCTS_HANDOFF:figure data map
product_figures/G38.svg,INCLUDED,PUBLIC_OK,project_authored_vector_figure,10181,8550170fa9921e596f4ed54ca50faadb04a1d13604ea55bcf56364b0cb636316,Project-authored vector figure based on frozen aggregates.,FINAL_PROJECT_PRODUCTS_HANDOFF:figure release
product_figures/G38_data.csv,INCLUDED,PUBLIC_OK,figure_level_aggregate_data,232,f9c3d433da55a7e8d015f7ff3b55535fb2e3997abbc87c07c2e109a4d055fcb5,Small aggregate data file directly supporting a project-authored figure.,FINAL_PROJECT_PRODUCTS_HANDOFF:figure data map
product_figures/G39.svg,INCLUDED,PUBLIC_OK,project_authored_vector_figure,27610,98b464e4263d1bc75f73bcdd8b63779fca891e464f66a173554de0137932c47e,Project-authored vector figure based on frozen aggregates.,FINAL_PROJECT_PRODUCTS_HANDOFF:figure release
product_figures/G39_data.csv,INCLUDED,PUBLIC_OK,figure_level_aggregate_data,2731,068f397a3e26fa443245e2e5a532e68bc0ea1c7fd3bf2a3349ef56b112e7cd68,Small aggregate data file directly supporting a project-authored figure.,FINAL_PROJECT_PRODUCTS_HANDOFF:figure data map
product_figures/G40.svg,INCLUDED,PUBLIC_OK,project_authored_vector_figure,31070,16f93621602de48e7897f08b527a0ab9b96089cae8044577dc3ed231579f8fa3,Project-authored vector figure based on frozen aggregates.,FINAL_PROJECT_PRODUCTS_HANDOFF:figure release
product_figures/G40_data.csv,INCLUDED,PUBLIC_OK,figure_level_aggregate_data,3621,fee6ebb15f620e1529c201eb086f88930ec9a90f234e15cc8cceeccab6daf961,Small aggregate data file directly supporting a project-authored figure.,FINAL_PROJECT_PRODUCTS_HANDOFF:figure data map
product_figures/G41.svg,INCLUDED,PUBLIC_OK,project_authored_vector_figure,30074,7ab3f034c08d758a0e3edd1ff4c221bd0266da22359e201312a80bd5183e70b5,Project-authored vector figure based on frozen aggregates.,FINAL_PROJECT_PRODUCTS_HANDOFF:figure release
product_figures/G41_data.csv,INCLUDED,PUBLIC_OK,figure_level_aggregate_data,3292,338a39da43c3220190d2d180d89f70cec14df5486f0f3bbaea845f76e309c622,Small aggregate data file directly supporting a project-authored figure.,FINAL_PROJECT_PRODUCTS_HANDOFF:figure data map
product_figures/G42.svg,INCLUDED,PUBLIC_OK,project_authored_vector_figure,38158,ee508d0123bc09d6e73de8a98293f9cba080886d6a6d36fc1d1bd7e50bf9cb73,Project-authored vector figure based on frozen aggregates.,FINAL_PROJECT_PRODUCTS_HANDOFF:figure release
product_figures/G42_data.csv,INCLUDED,PUBLIC_OK,figure_level_aggregate_data,3654,fea78464f5c7fc530cd280e0fc6f4d7aa3de8c0e2b44ffaac3316469a3ee2863,Small aggregate data file directly supporting a project-authored figure.,FINAL_PROJECT_PRODUCTS_HANDOFF:figure data map
product_figures/G43.svg,INCLUDED,PUBLIC_OK,project_authored_vector_figure,7720,25a7a9168a2c72f4b870e3ba84e546aa1627ce5b9b370452a9b68ce194383c9c,Project-authored vector figure based on frozen aggregates.,FINAL_PROJECT_PRODUCTS_HANDOFF:figure release
product_figures/G43_data.csv,INCLUDED,PUBLIC_OK,figure_level_aggregate_data,299,7a91051e98f5d86ac1122780bd9c4cbf0cc24ce6af7cfb78798e9dad5d451de1,Small aggregate data file directly supporting a project-authored figure.,FINAL_PROJECT_PRODUCTS_HANDOFF:figure data map
product_figures/G44.svg,INCLUDED,PUBLIC_OK,project_authored_vector_figure,30355,3bcf7979cfc004b0a3bebc86a004d7e8160a8a06f61d6723ed160fc40b48f174,Project-authored vector figure based on frozen aggregates.,FINAL_PROJECT_PRODUCTS_HANDOFF:figure release
product_figures/G44_data.csv,INCLUDED,PUBLIC_OK,figure_level_aggregate_data,1907,92244cf7a831c34ea77a20155255687680f33126bbefadd3b733d1d6f4c1f1f6,Small aggregate data file directly supporting a project-authored figure.,FINAL_PROJECT_PRODUCTS_HANDOFF:figure data map
product_figures/G45.svg,INCLUDED,PUBLIC_OK,project_authored_vector_figure,18111,e6bd1cbb9ccc43dbcc2be2e63c7e2018a0dfeb42675a722c79616b8046e4baa9,Project-authored vector figure based on frozen aggregates.,FINAL_PROJECT_PRODUCTS_HANDOFF:figure release
product_figures/G45_data.csv,INCLUDED,PUBLIC_OK,figure_level_aggregate_data,588,f127c2a4620d7fc85844a7c2a7c3555a347bf91e6ea223effa4677230a96e3b7,Small aggregate data file directly supporting a project-authored figure.,FINAL_PROJECT_PRODUCTS_HANDOFF:figure data map
product_figures/G46.svg,INCLUDED,PUBLIC_OK,project_authored_vector_figure,9401,0c97fbd2373ee46412689682399c8e69d6eb57102fe5817bb0b6a6922c16182a,Project-authored vector figure based on frozen aggregates.,FINAL_PROJECT_PRODUCTS_HANDOFF:figure release
product_figures/G46_data.csv,INCLUDED,PUBLIC_OK,figure_level_aggregate_data,265,c6699c7bceccb21831d2ebb4acbe4be175120a7971f59f48656e65ad36120cd7,Small aggregate data file directly supporting a project-authored figure.,FINAL_PROJECT_PRODUCTS_HANDOFF:figure data map
product_figures/G47.svg,INCLUDED,PUBLIC_OK,project_authored_vector_figure,11154,38841df1d86a6e2d10e3e1bfd27b45449ea5bd577cb61e7850cf162865b567e3,Project-authored vector figure based on frozen aggregates.,FINAL_PROJECT_PRODUCTS_HANDOFF:figure release
product_figures/G47_data.csv,INCLUDED,PUBLIC_OK,figure_level_aggregate_data,313,2c6c99c568fcba83c79f71e9ac08d5fd73e926c11e79278763bd95365bdc3c16,Small aggregate data file directly supporting a project-authored figure.,FINAL_PROJECT_PRODUCTS_HANDOFF:figure data map
product_figures/G48.svg,INCLUDED,PUBLIC_OK,project_authored_vector_figure,13180,742b3ddf95f8e4d2a394bf3a40f8eb9cd075a5e7142c83085803faf763e3105a,Project-authored vector figure based on frozen aggregates.,FINAL_PROJECT_PRODUCTS_HANDOFF:figure release
product_figures/G48_data.csv,INCLUDED,PUBLIC_OK,figure_level_aggregate_data,283,8147cbb7349fd19fc74355aa0632acf7cf0035dd98b27c9ddf00881a7b1dac76,Small aggregate data file directly supporting a project-authored figure.,FINAL_PROJECT_PRODUCTS_HANDOFF:figure data map
product_figures/G49.svg,INCLUDED,PUBLIC_OK,project_authored_vector_figure,11267,83562b0f16110f52c2cacc58e6ba5ae42f25e4828d2d0a1dee65b5abd1ce6c3c,Project-authored vector figure based on frozen aggregates.,FINAL_PROJECT_PRODUCTS_HANDOFF:figure release
product_figures/G49_data.csv,INCLUDED,PUBLIC_OK,figure_level_aggregate_data,272,a761180ed87a6efef22e3cd3959f9869676fc5f2a08badad7f5de4b8ab31159b,Small aggregate data file directly supporting a project-authored figure.,FINAL_PROJECT_PRODUCTS_HANDOFF:figure data map
product_figures/G50.svg,INCLUDED,PUBLIC_OK,project_authored_vector_figure,11312,55ba3d6ac98aea59f58de63a774fd911b47b38c728270365a9a111f2e6569eb8,Project-authored vector figure based on frozen aggregates.,FINAL_PROJECT_PRODUCTS_HANDOFF:figure release
product_figures/G50_data.csv,INCLUDED,PUBLIC_OK,figure_level_aggregate_data,271,328e3cc4c691a3e7e9ebbdefc9433f5a4b684684e3ba62c8d8edf7f00f10156c,Small aggregate data file directly supporting a project-authored figure.,FINAL_PROJECT_PRODUCTS_HANDOFF:figure data map
official OECD/IEA pupil/source files,EXCLUDED,DO_NOT_PUBLISH,restricted_source_data,,,Source/provider terms; public site is not a source-data mirror.,OECD/IEA official source registry
pupil/school microdata,EXCLUDED,DO_NOT_PUBLISH,microdata,,,Never published; privacy and source terms.,local official PUFs
replicate/analysis caches,EXCLUDED,PRIVATE_REPRODUCIBILITY_ONLY,analysis_cache,,,Retained only for controlled reproducibility; not needed by public site.,local final analysis cache registry
private source inventories,EXCLUDED,PRIVATE_REPRODUCIBILITY_ONLY,private_inventory,,,May contain private/local filenames or paths; not a public product.,local source inventory
chat transcripts/personal files,EXCLUDED,DO_NOT_PUBLISH,personal_content,,,Not part of the scientific release and may contain personal information.,project history only
credentials/tokens/.env/private keys,EXCLUDED,DO_NOT_PUBLISH,credentials,,,Security boundary.,none
user-specific absolute paths,EXCLUDED,DO_NOT_PUBLISH,local_paths,,,Privacy and reproducibility boundary; canonical code is sanitised.,sanitised code only
assessment items/reading passages/questionnaire reproductions/copied IEA figures,EXCLUDED,DO_NOT_PUBLISH,third_party_content,,,Not required for the dashboard; source/reproduction rights are restricted or uncertain.,OECD/IEA source materials
