use_status,survey,domain,rows
FINAL,PIRLS,reading,22193
FINAL,PISA,mathematics,49617
FINAL,PISA,reading,36736
FINAL,PISA,science,45933
FINAL,TIMSS,mathematics,35811
FINAL,TIMSS,science,35558
FINAL_WITH_CAVEAT,PISA,mathematics,1039
FINAL_WITH_CAVEAT,PISA,reading,991
FINAL_WITH_CAVEAT,PISA,science,991
FINAL_WITH_CAVEAT,TIMSS,mathematics,55
FINAL_WITH_CAVEAT,TIMSS,science,55
FINAL_WITH_REPLICATION_CAVEAT,PIRLS,reading,1
UNAVAILABLE,PIRLS,reading,3644
UNAVAILABLE,PISA,mathematics,11415
UNAVAILABLE,PISA,reading,10262
UNAVAILABLE,PISA,science,10760
UNAVAILABLE,TIMSS,mathematics,9143
UNAVAILABLE,TIMSS,science,9080
