issue_id,issue,final_status,final_adjudication,affected_products
O01,TIMSS 1995 target population/score edition,RESOLVED_WITH_CAVEAT,1995 imported with target/population repair; all available same-population official mean anchors pass. Product use remains descriptive where historical scale/panel comparability is limited.,Slides with TIMSS group-6 historical context; figure/register caveats updated.
O02,TIMSS 2015 mathematics plus Numeracy,RESOLVED_WITH_CAVEAT,Completion run combines distinct TIMSS/Numeracy sources where required; use remains subject to joint-design documentation.,TIMSS mathematics registers/dashboard metadata.
O03,PISA gender 2003-2012 and 2025,RESOLVED_WITH_CAVEAT,2003 uses ST03Q01; 2006/2009/2012 use ST04Q01 where label-verified. PISA 2025 all-missing/synthetic gender sources are not treated as clean girl/boy groups.,Gender slides and dashboard availability/caveats.
O04,PIRLS core uncertainty before 2016,RESOLVED_WITH_CAVEAT,2001/2006/2011 core intervals now use cycle-specific JRR. Trend claims remain descriptive; no causal interpretation.,Slides that previously said old core-SEs blocked are updated.
O05,PISA 2003 Korea reading supplement,REMAINS_OPEN_NONBLOCKING,Only one supplement task errors because PV integrity range failed; existing preserved baseline rows remain untouched.,No headline slide changed; availability register holds this local issue.
O06,PIRLS 2006 Spain language within-assessment sorting SE,REMAINS_OPEN_NONBLOCKING,One finite-estimates/replication exception remains: 73/75 replicates; no released SE for this specific statistic.,Language/sorting dashboard cell marked with caveat.
O07,Three strict external TIMSS check differences,REMAINS_OPEN_NONBLOCKING,"Iran 2003 math, Philippines 2003 science, Italy 2011 math remain REVIEW_REQUIRED without tolerance changes.",Methods/validation register; not headline products.
O08,all-target versus modal-ISCED school sorting,RESOLVED_WITH_CAVEAT,Both specifications remain preserved; no new main-specification choice is made. Claims limited to what both support.,School sorting slides/dashboard metadata.
O09,language/migration harmonisation,RESOLVED_WITH_CAVEAT,Label-verified sources and support diagnostics included; language and migration remain distinct constructs.,Language/migration appendix/dashboard.
O10,private/local source inventory,RESOLVED,LOCAL_SOURCE_INVENTORY omitted from handoff and never published.,GitHub/dashboard download policy.
O11,three unavailable means,RESOLVED,"Vietnam 2018 math/science and Uzbekistan 2025 math remain documented official nonavailability, not imputed.",Availability register/dashboard empty-state reasons.
O12,product basis consistency,RESOLVED,All final product data and registers derive from the same completion thin handoff.,All products.
O13,aggregate_replicates omitted from upload,RESOLVED_WITH_CAVEAT,"Large replicate caches retained locally; handoff includes estimates, diagnostics and replicate register, not raw replicate arrays.",Reproducibility documentation.
