file,bytes,sha256
FINAL_CHANGE_AND_LOSS_REGISTER.csv,643,fa1c14fb99eec97148adcc291306dc7c533b821035bfea9c20433bbef10b1da7
FINAL_CONTROLEVERSLAG_20260928.md,1991,003f5f5d377553ffa4574f2c984b9914038c848e4288fa924e7e9e4ff8df49a6
FINAL_IMPACT_MATRIX.csv,1847,f8f10d95c3f8cd4b0b36e71f7c92f4fee8aea28eb13af84061720b83fefd7c84
FINAL_INHOUDELIJKE_SAMENVATTING_20260928.md,867,ed60ed546f563e6cf6d49b0c47930d1fc366d721b050f32653a11204f34c5193
FINAL_PRESENTATIEREGISTER_SUPPLEMENT.csv,635,527038764b79a777d9530fc901b9895ba079aec5f2260003a293193e52363431
FINAL_PRODUCT_MATRIX.csv,1515,888f53bb652a2dde3f2fd0432b4864e0424795955f60c4c8aa1d2a076cd164e7
PISA_PIRLS_TIMSS_FINAL_BELEIDSDECK_20260928.pdf,549845,402265a9b005e905184e107e4d2d5fb658dfe42cb847b6ba473e046b01ef2a2a
PISA_PIRLS_TIMSS_FINAL_BELEIDSDECK_20260928.pptx,466195,2ad38894a35b3b97ce2d8fb3ec497037f7a13c408a1c19e7e101de62b55fbe26
PISA_PIRLS_TIMSS_FINAL_DASHBOARD_20260928.zip,44058907,f8fc232680847a7787502fa2febc819926994589bd05b9a0d94a4651375d47bd
PISA_PIRLS_TIMSS_FINAL_FIGURENPAKKET_20260928.zip,6851959,f5d8c691e63c0a2fadb9c9d8277b9d4163d25817602c5211c0a28acba4aef448
PISA_PIRLS_TIMSS_FINAL_PROJECT_PRODUCTS_HANDOFF_20260928.zip,71183404,edc527fd2623e0ff4c3adbdb97b818015a5757a8db6de3cf50dcb80058a566a8
PISA_PIRLS_TIMSS_FINAL_REGISTERS_EN_BASIS_20260928.zip,18369338,99a36b9ade039c2cd6ff2fa2b423565c5d0cd2b53f3a029db534d4fe57b1c77b
PISA_PIRLS_TIMSS_FINAL_WETENSCHAPPELIJKE_NOTITIE_20260928.docx,253877,2fbc2d3b75b79ab279da65ecd9b715605b977805f8b1b6c9bcb9f804f59baf57
PISA_PIRLS_TIMSS_FINAL_WETENSCHAPPELIJKE_NOTITIE_20260928.pdf,521666,be3b9ba0b9b4e5bdeb428695919dd46d521e32ddd64fc3e31eca55392a91ba27
PISA_PIRLS_TIMSS_FINAL_WETENSCHAPPELIJK_DECK_20260928.pdf,549644,b6e4ed6fe21ba5e0e764a1a2656722776d4a6539da8ffd79915fc670d4054dc4
PISA_PIRLS_TIMSS_FINAL_WETENSCHAPPELIJK_DECK_20260928.pptx,470861,927a320882eae4f000bfec167841e5b36b0eb0100fc635924e7dec1c95ad1ced
